sno,flatNo,deviceId,customerName,email,phone,address,lat,lng,registrationDate,status,subscriptionPlan,accessLevel,isNew
1,A1-101,GVM202601351,Priya Kumar,customer1@meghasmart.com,9800000001,"Kitchen, Bangalore",19.1015,73.0069,2024-10-14T18:30:00.000Z,Active,Pro,Read-only,0
2,A1-102,GVM202601352,Arjun Kumar,customer2@meghasmart.com,9800000002,"Bedroom, Delhi",19.1806,73.0095,2024-12-11T18:30:00.000Z,Active,Premium,Limited,0
3,A1-103,GVM202601353,Sneha Kumar,customer3@meghasmart.com,9800000003,"Bathroom, Hyderabad",19.1892,73.0457,2024-04-17T18:30:00.000Z,Active,Basic,Full,0
4,A1-104,GVM202601354,Vikram Kumar,customer4@meghasmart.com,9800000004,"Hall, Chennai",19.1043,73.0342,2024-02-04T18:30:00.000Z,Active,Pro,Read-only,0
5,A1-105,GVM202601355,Anjali Kumar,customer5@meghasmart.com,9800000005,"Balcony, Pune",19.1682,73.0058,2024-02-10T18:30:00.000Z,Active,Premium,Limited,0
6,A1-201,GVM202601356,Rohan Kumar,customer6@meghasmart.com,9800000006,"Garage, Kolkata",19.0106,73.1777,2024-01-14T18:30:00.000Z,Active,Basic,Full,0
7,A1-202,GVM202601357,Divya Kumar,customer7@meghasmart.com,9800000007,"Office, Ahmedabad",19.1779,73.0412,2024-05-14T18:30:00.000Z,Active,Pro,Read-only,0
8,A1-203,GVM202601358,Arun Kumar,customer8@meghasmart.com,9800000008,"Terrace, Mumbai",19.1035,73.1881,2024-11-08T18:30:00.000Z,Active,Premium,Limited,0
9,A1-204,GVM202601359,Pooja Kumar,customer9@meghasmart.com,9800000009,"Basement, Bangalore",19.184,73.0059,2024-06-30T18:30:00.000Z,Active,Basic,Full,0
10,A1-205,GVM202601360,Rajesh Singh,customer10@meghasmart.com,9800000010,"Living Room, Delhi",19.0078,73.037,2024-01-13T18:30:00.000Z,Active,Pro,Read-only,0
11,A1-301,GVM202601361,Priya Singh,customer11@meghasmart.com,9800000011,"Kitchen, Hyderabad",19.1901,73.1162,2024-09-10T18:30:00.000Z,Active,Premium,Limited,0
12,A1-302,GVM202601362,Arjun Singh,customer12@meghasmart.com,9800000012,"Bedroom, Chennai",19.0055,73.1949,2024-12-09T18:30:00.000Z,Active,Basic,Full,0
13,A1-303,GVM202601363,Sneha Singh,customer13@meghasmart.com,9800000013,"Bathroom, Pune",19.1521,73.159,2024-06-09T18:30:00.000Z,Active,Pro,Read-only,0
14,A1-304,GVM202601364,Vikram Singh,customer14@meghasmart.com,9800000014,"Hall, Kolkata",19.1935,73.0522,2024-07-15T18:30:00.000Z,Active,Premium,Limited,0
15,A1-305,GVM202601365,Anjali Singh,customer15@meghasmart.com,9800000015,"Balcony, Ahmedabad",19.153,73.0328,2024-09-19T18:30:00.000Z,Active,Basic,Full,0
16,A1-401,GVM202601366,Rohan Singh,customer16@meghasmart.com,9800000016,"Garage, Mumbai",19.1096,73.1068,2024-09-13T18:30:00.000Z,Active,Pro,Read-only,0
17,A1-402,GVM202601367,Divya Singh,customer17@meghasmart.com,9800000017,"Office, Bangalore",19.0485,73.0767,2024-07-11T18:30:00.000Z,Active,Premium,Limited,0
18,A1-403,GVM202601368,Arun Singh,customer18@meghasmart.com,9800000018,"Terrace, Delhi",19.0155,73.1283,2024-10-18T18:30:00.000Z,Active,Basic,Full,0
19,A1-404,GVM202601369,Pooja Singh,customer19@meghasmart.com,9800000019,"Basement, Hyderabad",19.0108,73.169,2024-06-10T18:30:00.000Z,Active,Pro,Read-only,0
20,A1-405,GVM202601370,Rajesh Patel,customer20@meghasmart.com,9800000020,"Living Room, Chennai",19.1856,73.0441,2024-02-16T18:30:00.000Z,Active,Premium,Limited,0
21,A1-501,GVM202601371,Priya Patel,customer21@meghasmart.com,9800000021,"Kitchen, Pune",19.195,73.1825,2024-12-11T18:30:00.000Z,Active,Basic,Full,0
22,A1-502,GVM202601372,Arjun Patel,customer22@meghasmart.com,9800000022,"Bedroom, Kolkata",19.0426,73.0788,2024-04-07T18:30:00.000Z,Active,Pro,Read-only,0
23,A1-503,GVM202601373,Sneha Patel,customer23@meghasmart.com,9800000023,"Bathroom, Ahmedabad",19.1224,73.1229,2024-12-07T18:30:00.000Z,Active,Premium,Limited,0
24,A1-504,GVM202601374,Vikram Patel,customer24@meghasmart.com,9800000024,"Hall, Mumbai",19.0841,73.078,2024-11-09T18:30:00.000Z,Active,Basic,Full,0
25,A1-505,GVM202601375,Anjali Patel,customer25@meghasmart.com,9800000025,"Balcony, Bangalore",19.066,73.0387,2024-02-14T18:30:00.000Z,Active,Pro,Read-only,0
26,A1-601,GVM202601376,Rohan Patel,customer26@meghasmart.com,9800000026,"Garage, Delhi",19.0732,73.16,2024-07-07T18:30:00.000Z,Active,Premium,Limited,0
27,A1-602,GVM202601377,Divya Patel,customer27@meghasmart.com,9800000027,"Office, Hyderabad",19.0913,73.147,2024-12-06T18:30:00.000Z,Active,Basic,Full,0
28,A1-603,GVM202601378,Arun Patel,customer28@meghasmart.com,9800000028,"Terrace, Chennai",19.1911,73.1671,2024-11-24T18:30:00.000Z,Active,Pro,Read-only,0
29,A1-604,GVM202601379,Pooja Patel,customer29@meghasmart.com,9800000029,"Basement, Pune",19.1553,73.1912,2024-12-24T18:30:00.000Z,Active,Premium,Limited,0
30,A1-605,GVM202601380,Rajesh Sharma,customer30@meghasmart.com,9800000030,"Living Room, Kolkata",19.1513,73.0244,2024-09-19T18:30:00.000Z,Active,Basic,Full,0
31,A1-701,GVM202601381,Priya Sharma,customer31@meghasmart.com,9800000031,"Kitchen, Ahmedabad",19.0724,73.1043,2024-02-04T18:30:00.000Z,Active,Pro,Read-only,0
32,A1-702,GVM202601382,Arjun Sharma,customer32@meghasmart.com,9800000032,"Bedroom, Mumbai",19.1922,73.0732,2024-09-15T18:30:00.000Z,Active,Premium,Limited,0
33,A1-703,GVM202601383,Sneha Sharma,customer33@meghasmart.com,9800000033,"Bathroom, Bangalore",19.0182,73.071,2024-09-30T18:30:00.000Z,Active,Basic,Full,0
34,A1-704,GVM202601384,Vikram Sharma,customer34@meghasmart.com,9800000034,"Hall, Delhi",19.1572,73.1922,2024-01-19T18:30:00.000Z,Active,Pro,Read-only,0
35,A1-705,GVM202601385,Anjali Sharma,customer35@meghasmart.com,9800000035,"Balcony, Hyderabad",19.0429,73.0697,2024-04-20T18:30:00.000Z,Inactive,Premium,Limited,0
36,A1-801,GVM202601386,Rohan Sharma,customer36@meghasmart.com,9800000036,"Garage, Chennai",19.0045,73.04,2024-05-31T18:30:00.000Z,Active,Basic,Full,0
37,A1-802,GVM202601387,Divya Sharma,customer37@meghasmart.com,9800000037,"Office, Pune",19.1685,73.1082,2024-09-02T18:30:00.000Z,Active,Pro,Read-only,0
38,A1-803,GVM202601388,Arun Sharma,customer38@meghasmart.com,9800000038,"Terrace, Kolkata",19.0446,73.0703,2024-09-11T18:30:00.000Z,Active,Premium,Limited,0
39,A1-804,GVM202601389,Pooja Sharma,customer39@meghasmart.com,9800000039,"Basement, Ahmedabad",19.1421,73.0406,2024-02-14T18:30:00.000Z,Active,Basic,Full,0
40,A1-805,GVM202601390,Rajesh Gupta,customer40@meghasmart.com,9800000040,"Living Room, Mumbai",19.0967,73.1505,2024-05-19T18:30:00.000Z,Active,Pro,Read-only,0
41,A1-901,GVM202601391,Priya Gupta,customer41@meghasmart.com,9800000041,"Kitchen, Bangalore",19.156,73.1987,2024-08-10T18:30:00.000Z,Active,Premium,Limited,0
42,A1-902,GVM202601392,Arjun Gupta,customer42@meghasmart.com,9800000042,"Bedroom, Delhi",19.0792,73.1542,2024-02-29T18:30:00.000Z,Active,Basic,Full,0
43,A1-903,GVM202601393,Sneha Gupta,customer43@meghasmart.com,9800000043,"Bathroom, Hyderabad",19.0013,73.1823,2024-05-31T18:30:00.000Z,Active,Pro,Read-only,0
44,A1-904,GVM202601394,Vikram Gupta,customer44@meghasmart.com,9800000044,"Hall, Chennai",19.1211,73.0711,2024-05-22T18:30:00.000Z,Active,Premium,Limited,0
45,A1-905,GVM202601395,Anjali Gupta,customer45@meghasmart.com,9800000045,"Balcony, Pune",19.1079,73.1791,2024-10-16T18:30:00.000Z,Active,Basic,Full,0
46,A1-1001,GVM202601396,Rohan Gupta,customer46@meghasmart.com,9800000046,"Garage, Kolkata",19.1879,73.1231,2024-09-01T18:30:00.000Z,Active,Pro,Read-only,0
47,A1-1002,GVM202601397,Divya Gupta,customer47@meghasmart.com,9800000047,"Office, Ahmedabad",19.179,73.1953,2024-04-15T18:30:00.000Z,Active,Premium,Limited,0
48,A1-1003,GVM202601398,Arun Gupta,customer48@meghasmart.com,9800000048,"Terrace, Mumbai",19.0896,73.1545,2024-02-21T18:30:00.000Z,Inactive,Basic,Full,0
49,A1-1004,GVM202601399,Pooja Gupta,customer49@meghasmart.com,9800000049,"Basement, Bangalore",19.0835,73.0697,2024-03-16T18:30:00.000Z,Active,Pro,Read-only,0
50,A1-1005,GVM202601400,Rajesh Khan,customer50@meghasmart.com,9800000050,"Living Room, Delhi",19.0326,73.0753,2024-09-26T18:30:00.000Z,Active,Premium,Limited,0
51,A2-101,GVM202601401,Priya Khan,customer51@meghasmart.com,9800000051,"Kitchen, Hyderabad",19.0724,73.0929,2024-02-24T18:30:00.000Z,Active,Basic,Full,0
52,A2-102,GVM202601402,Arjun Khan,customer52@meghasmart.com,9800000052,"Bedroom, Chennai",19.1491,73.0928,2024-10-14T18:30:00.000Z,Active,Pro,Read-only,0
53,A2-103,GVM202601403,Sneha Khan,customer53@meghasmart.com,9800000053,"Bathroom, Pune",19.0662,73.0597,2024-11-04T18:30:00.000Z,Active,Premium,Limited,0
54,A2-104,GVM202601404,Vikram Khan,customer54@meghasmart.com,9800000054,"Hall, Kolkata",19.0352,73.0348,2024-08-13T18:30:00.000Z,Active,Basic,Full,0
55,A2-105,GVM202601405,Anjali Khan,customer55@meghasmart.com,9800000055,"Balcony, Ahmedabad",19.0705,73.1409,2024-08-19T18:30:00.000Z,Active,Pro,Read-only,0
56,A2-201,GVM202601406,Rohan Khan,customer56@meghasmart.com,9800000056,"Garage, Mumbai",19.1762,73.0981,2024-01-15T18:30:00.000Z,Active,Premium,Limited,0
57,A2-202,GVM202601407,Divya Khan,customer57@meghasmart.com,9800000057,"Office, Bangalore",19.177,73.1468,2024-03-17T18:30:00.000Z,Active,Basic,Full,0
58,A2-203,GVM202601408,Arun Khan,customer58@meghasmart.com,9800000058,"Terrace, Delhi",19.1752,73.1348,2024-05-21T18:30:00.000Z,Inactive,Pro,Read-only,0
59,A2-204,GVM202601409,Pooja Khan,customer59@meghasmart.com,9800000059,"Basement, Hyderabad",19.0855,73.1961,2024-11-01T18:30:00.000Z,Active,Premium,Limited,0
60,A2-205,GVM202601410,Rajesh Jain,customer60@meghasmart.com,9800000060,"Living Room, Chennai",19.1156,73.1619,2024-11-26T18:30:00.000Z,Inactive,Basic,Full,0
61,A2-301,GVM202601411,Priya Jain,customer61@meghasmart.com,9800000061,"Kitchen, Pune",19.0286,73.0103,2024-04-25T18:30:00.000Z,Active,Pro,Read-only,0
62,A2-302,GVM202601412,Arjun Jain,customer62@meghasmart.com,9800000062,"Bedroom, Kolkata",19.0322,73.1274,2024-07-26T18:30:00.000Z,Active,Premium,Limited,0
63,A2-303,GVM202601413,Sneha Jain,customer63@meghasmart.com,9800000063,"Bathroom, Ahmedabad",19.1588,73.1842,2024-01-07T18:30:00.000Z,Active,Basic,Full,0
64,A2-304,GVM202601414,Vikram Jain,customer64@meghasmart.com,9800000064,"Hall, Mumbai",19.1401,73.1755,2024-01-08T18:30:00.000Z,Inactive,Pro,Read-only,0
65,A2-305,GVM202601415,Anjali Jain,customer65@meghasmart.com,9800000065,"Balcony, Bangalore",19.016,73.0481,2024-01-05T18:30:00.000Z,Active,Premium,Limited,0
66,A2-401,GVM202601416,Rohan Jain,customer66@meghasmart.com,9800000066,"Garage, Delhi",19.1593,73.0557,2024-08-10T18:30:00.000Z,Active,Basic,Full,0
67,A2-402,GVM202601417,Divya Jain,customer67@meghasmart.com,9800000067,"Office, Hyderabad",19.1441,73.0388,2024-12-11T18:30:00.000Z,Inactive,Pro,Read-only,0
68,A2-403,GVM202601418,Arun Jain,customer68@meghasmart.com,9800000068,"Terrace, Chennai",19.1637,73.0863,2024-06-12T18:30:00.000Z,Active,Premium,Limited,0
69,A2-404,GVM202601419,Pooja Jain,customer69@meghasmart.com,9800000069,"Basement, Pune",19.1764,73.0335,2024-11-27T18:30:00.000Z,Active,Basic,Full,0
70,A2-405,GVM202601420,Rajesh Verma,customer70@meghasmart.com,9800000070,"Living Room, Kolkata",19.1244,73.1569,2024-06-12T18:30:00.000Z,Active,Pro,Read-only,0
71,A2-501,GVM202601421,Priya Verma,customer71@meghasmart.com,9800000071,"Kitchen, Ahmedabad",19.007,73.1201,2024-04-24T18:30:00.000Z,Active,Premium,Limited,0
72,A2-502,GVM202601422,Arjun Verma,customer72@meghasmart.com,9800000072,"Bedroom, Mumbai",19.1957,73.142,2024-02-25T18:30:00.000Z,Active,Basic,Full,0
73,A2-503,GVM202601423,Sneha Verma,customer73@meghasmart.com,9800000073,"Bathroom, Bangalore",19.1231,73.0082,2024-05-23T18:30:00.000Z,Active,Pro,Read-only,0
74,A2-504,GVM202601424,Vikram Verma,customer74@meghasmart.com,9800000074,"Hall, Delhi",19.1143,73.1351,2024-07-14T18:30:00.000Z,Active,Premium,Limited,0
75,A2-505,GVM202601425,Anjali Verma,customer75@meghasmart.com,9800000075,"Balcony, Hyderabad",19.14,73.0747,2024-08-21T18:30:00.000Z,Active,Basic,Full,0
76,A2-601,GVM202601426,Rohan Verma,customer76@meghasmart.com,9800000076,"Garage, Chennai",19.0139,73.1697,2024-11-27T18:30:00.000Z,Active,Pro,Read-only,0
77,A2-602,GVM202601427,Divya Verma,customer77@meghasmart.com,9800000077,"Office, Pune",19.1891,73.0133,2024-05-02T18:30:00.000Z,Active,Premium,Limited,0
78,A2-603,GVM202601428,Arun Verma,customer78@meghasmart.com,9800000078,"Terrace, Kolkata",19.0447,73.0602,2024-03-21T18:30:00.000Z,Active,Basic,Full,0
79,A2-604,GVM202601429,Pooja Verma,customer79@meghasmart.com,9800000079,"Basement, Ahmedabad",19.1904,73.0494,2024-05-19T18:30:00.000Z,Active,Pro,Read-only,0
80,A2-605,GVM202601430,Rajesh Nair,customer80@meghasmart.com,9800000080,"Living Room, Mumbai",19.0271,73.028,2024-09-15T18:30:00.000Z,Active,Premium,Limited,0
81,A2-701,GVM202601431,Priya Nair,customer81@meghasmart.com,9800000081,"Kitchen, Bangalore",19.1518,73.0781,2024-11-03T18:30:00.000Z,Active,Basic,Full,0
82,A2-702,GVM202601432,Arjun Nair,customer82@meghasmart.com,9800000082,"Bedroom, Delhi",19.1155,73.1017,2024-04-06T18:30:00.000Z,Active,Pro,Read-only,0
83,A2-703,GVM202601433,Sneha Nair,customer83@meghasmart.com,9800000083,"Bathroom, Hyderabad",19.1996,73.1039,2024-09-18T18:30:00.000Z,Active,Premium,Limited,0
84,A2-704,GVM202601434,Vikram Nair,customer84@meghasmart.com,9800000084,"Hall, Chennai",19.0221,73.0645,2024-03-26T18:30:00.000Z,Active,Basic,Full,0
85,A2-705,GVM202601435,Anjali Nair,customer85@meghasmart.com,9800000085,"Balcony, Pune",19.1349,73.1023,2024-06-30T18:30:00.000Z,Active,Pro,Read-only,0
86,A2-801,GVM202601436,Rohan Nair,customer86@meghasmart.com,9800000086,"Garage, Kolkata",19.0363,73.0624,2024-07-06T18:30:00.000Z,Active,Premium,Limited,0
87,A2-802,GVM202601437,Divya Nair,customer87@meghasmart.com,9800000087,"Office, Ahmedabad",19.0236,73.0202,2024-12-21T18:30:00.000Z,Active,Basic,Full,0
88,A2-803,GVM202601438,Arun Nair,customer88@meghasmart.com,9800000088,"Terrace, Mumbai",19.1869,73.0804,2024-03-24T18:30:00.000Z,Active,Pro,Read-only,0
89,A2-804,GVM202601439,Pooja Nair,customer89@meghasmart.com,9800000089,"Basement, Bangalore",19.1138,73.0039,2024-10-23T18:30:00.000Z,Active,Premium,Limited,0
90,A2-805,GVM202601440,Rajesh Desai,customer90@meghasmart.com,9800000090,"Living Room, Delhi",19.1642,73.1395,2024-01-13T18:30:00.000Z,Active,Basic,Full,0
91,A2-901,GVM202601441,Priya Desai,customer91@meghasmart.com,9800000091,"Kitchen, Hyderabad",19.0079,73.1198,2024-12-09T18:30:00.000Z,Inactive,Pro,Read-only,0
92,A2-902,GVM202601442,Arjun Desai,customer92@meghasmart.com,9800000092,"Bedroom, Chennai",19.1724,73.0646,2024-11-04T18:30:00.000Z,Active,Premium,Limited,0
93,A2-903,GVM202601443,Sneha Desai,customer93@meghasmart.com,9800000093,"Bathroom, Pune",19.0181,73.1895,2024-10-08T18:30:00.000Z,Active,Basic,Full,0
94,A2-904,GVM202601444,Vikram Desai,customer94@meghasmart.com,9800000094,"Hall, Kolkata",19.0359,73.0429,2024-04-24T18:30:00.000Z,Active,Pro,Read-only,0
95,A2-905,GVM202601445,Anjali Desai,customer95@meghasmart.com,9800000095,"Balcony, Ahmedabad",19.1098,73.0683,2024-11-06T18:30:00.000Z,Active,Premium,Limited,0
96,A2-1001,GVM202601446,Rohan Desai,customer96@meghasmart.com,9800000096,"Garage, Mumbai",19.0386,73.075,2024-06-06T18:30:00.000Z,Inactive,Basic,Full,0
97,A2-1002,GVM202601447,Divya Desai,customer97@meghasmart.com,9800000097,"Office, Bangalore",19.1703,73.1035,2024-11-11T18:30:00.000Z,Active,Pro,Read-only,0
98,A2-1003,GVM202601448,Arun Desai,customer98@meghasmart.com,9800000098,"Terrace, Delhi",19.0172,73.0168,2024-08-04T18:30:00.000Z,Active,Premium,Limited,0
99,A2-1004,GVM202601449,Pooja Desai,customer99@meghasmart.com,9800000099,"Basement, Hyderabad",19.1608,73.1872,2024-04-12T18:30:00.000Z,Active,Basic,Full,0
100,A2-1005,GVM202601450,Rajesh Kumar,customer100@meghasmart.com,9800000100,"Living Room, Chennai",19.182,73.1045,2024-07-21T18:30:00.000Z,Active,Pro,Read-only,0
101,A3-101,GVM202601451,Priya Kumar,customer101@meghasmart.com,9800000101,"Kitchen, Pune",19.1118,73.0515,2024-11-13T18:30:00.000Z,Active,Premium,Limited,0
102,A3-102,GVM202601452,Arjun Kumar,customer102@meghasmart.com,9800000102,"Bedroom, Kolkata",19.0982,73.1385,2024-02-15T18:30:00.000Z,Inactive,Basic,Full,0
103,A3-103,GVM202601453,Sneha Kumar,customer103@meghasmart.com,9800000103,"Bathroom, Ahmedabad",19.1816,73.0142,2024-12-23T18:30:00.000Z,Active,Pro,Read-only,0
104,A3-104,GVM202601454,Vikram Kumar,customer104@meghasmart.com,9800000104,"Hall, Mumbai",19.0205,73.1138,2024-02-11T18:30:00.000Z,Active,Premium,Limited,0
105,A3-105,GVM202601455,Anjali Kumar,customer105@meghasmart.com,9800000105,"Balcony, Bangalore",19.1458,73.1681,2024-06-16T18:30:00.000Z,Active,Basic,Full,0
106,A3-201,GVM202601456,Rohan Kumar,customer106@meghasmart.com,9800000106,"Garage, Delhi",19.1526,73.0067,2024-04-11T18:30:00.000Z,Active,Pro,Read-only,0
107,A3-202,GVM202601457,Divya Kumar,customer107@meghasmart.com,9800000107,"Office, Hyderabad",19.0571,73.1482,2024-07-31T18:30:00.000Z,Active,Premium,Limited,0
108,A3-203,GVM202601458,Arun Kumar,customer108@meghasmart.com,9800000108,"Terrace, Chennai",19.0093,73.0542,2024-06-30T18:30:00.000Z,Inactive,Basic,Full,0
109,A3-204,GVM202601459,Pooja Kumar,customer109@meghasmart.com,9800000109,"Basement, Pune",19.1034,73.1174,2024-10-24T18:30:00.000Z,Active,Pro,Read-only,0
110,A3-205,GVM202601460,Rajesh Singh,customer110@meghasmart.com,9800000110,"Living Room, Kolkata",19.1009,73.1105,2024-08-05T18:30:00.000Z,Active,Premium,Limited,0
111,A3-301,GVM202601461,Priya Singh,customer111@meghasmart.com,9800000111,"Kitchen, Ahmedabad",19.0061,73.0168,2024-10-17T18:30:00.000Z,Active,Basic,Full,0
112,A3-302,GVM202601462,Arjun Singh,customer112@meghasmart.com,9800000112,"Bedroom, Mumbai",19.0522,73.1552,2024-10-06T18:30:00.000Z,Active,Pro,Read-only,0
113,A3-303,GVM202601463,Sneha Singh,customer113@meghasmart.com,9800000113,"Bathroom, Bangalore",19.193,73.1184,2024-07-19T18:30:00.000Z,Active,Premium,Limited,0
114,A3-304,GVM202601464,Vikram Singh,customer114@meghasmart.com,9800000114,"Hall, Delhi",19.1152,73.1768,2024-03-11T18:30:00.000Z,Active,Basic,Full,0
115,A3-305,GVM202601465,Anjali Singh,customer115@meghasmart.com,9800000115,"Balcony, Hyderabad",19.0345,73.1672,2024-11-06T18:30:00.000Z,Active,Pro,Read-only,0
116,A3-401,GVM202601466,Rohan Singh,customer116@meghasmart.com,9800000116,"Garage, Chennai",19.0004,73.0653,2024-04-08T18:30:00.000Z,Active,Premium,Limited,0
117,A3-402,GVM202601467,Divya Singh,customer117@meghasmart.com,9800000117,"Office, Pune",19.0275,73.06,2024-05-23T18:30:00.000Z,Active,Basic,Full,0
118,A3-403,GVM202601468,Arun Singh,customer118@meghasmart.com,9800000118,"Terrace, Kolkata",19.1187,73.1839,2024-08-11T18:30:00.000Z,Active,Pro,Read-only,0
119,A3-404,GVM202601469,Pooja Singh,customer119@meghasmart.com,9800000119,"Basement, Ahmedabad",19.1117,73.1353,2024-05-27T18:30:00.000Z,Active,Premium,Limited,0
120,A3-405,GVM202601470,Rajesh Patel,customer120@meghasmart.com,9800000120,"Living Room, Mumbai",19.1033,73.1406,2024-09-17T18:30:00.000Z,Active,Basic,Full,0
121,A3-501,GVM202601471,Priya Patel,customer121@meghasmart.com,9800000121,"Kitchen, Bangalore",19.1092,73.1613,2024-09-01T18:30:00.000Z,Active,Pro,Read-only,0
122,A3-502,GVM202601472,Arjun Patel,customer122@meghasmart.com,9800000122,"Bedroom, Delhi",19.0349,73.1355,2024-01-13T18:30:00.000Z,Inactive,Premium,Limited,0
123,A3-503,GVM202601473,Sneha Patel,customer123@meghasmart.com,9800000123,"Bathroom, Hyderabad",19.1282,73.0085,2024-07-13T18:30:00.000Z,Active,Basic,Full,0
124,A3-504,GVM202601474,Vikram Patel,customer124@meghasmart.com,9800000124,"Hall, Chennai",19.107,73.0355,2024-12-01T18:30:00.000Z,Active,Pro,Read-only,0
125,A3-505,GVM202601475,Anjali Patel,customer125@meghasmart.com,9800000125,"Balcony, Pune",19.0959,73.111,2024-08-10T18:30:00.000Z,Active,Premium,Limited,0
126,A3-601,GVM202601476,Rohan Patel,customer126@meghasmart.com,9800000126,"Garage, Kolkata",19.1663,73.1811,2024-03-18T18:30:00.000Z,Active,Basic,Full,0
127,A3-602,GVM202601477,Divya Patel,customer127@meghasmart.com,9800000127,"Office, Ahmedabad",19.015,73.1567,2024-06-14T18:30:00.000Z,Active,Pro,Read-only,0
136,A3-801,GVM202601486,Rohan Sharma,customer136@meghasmart.com,9800000136,"Garage, Mumbai",19.0993,73.0204,2024-12-26T18:30:00.000Z,Active,Pro,Read-only,0
137,A3-802,GVM202601487,Divya Sharma,customer137@meghasmart.com,9800000137,"Office, Bangalore",19.0037,73.145,2024-03-26T18:30:00.000Z,Inactive,Premium,Limited,0
138,A3-803,GVM202601488,Arun Sharma,customer138@meghasmart.com,9800000138,"Terrace, Delhi",19.1245,73.1335,2024-08-13T18:30:00.000Z,Active,Basic,Full,0
139,A3-804,GVM202601489,Pooja Sharma,customer139@meghasmart.com,9800000139,"Basement, Hyderabad",19.0449,73.1361,2024-12-15T18:30:00.000Z,Inactive,Pro,Read-only,0
140,A3-805,GVM202601490,Rajesh Gupta,customer140@meghasmart.com,9800000140,"Living Room, Chennai",19.1079,73.1165,2024-01-13T18:30:00.000Z,Active,Premium,Limited,0
141,A3-901,GVM202601491,Priya Gupta,customer141@meghasmart.com,9800000141,"Kitchen, Pune",19.181,73.1562,2024-03-07T18:30:00.000Z,Active,Basic,Full,0
142,A3-902,GVM202601492,Arjun Gupta,customer142@meghasmart.com,9800000142,"Bedroom, Kolkata",19.0092,73.0162,2024-02-07T18:30:00.000Z,Active,Pro,Read-only,0
143,A3-903,GVM202601493,Sneha Gupta,customer143@meghasmart.com,9800000143,"Bathroom, Ahmedabad",19.1111,73.1281,2024-12-23T18:30:00.000Z,Active,Premium,Limited,0
144,A3-904,GVM202601494,Vikram Gupta,customer144@meghasmart.com,9800000144,"Hall, Mumbai",19.092,73.0892,2024-05-21T18:30:00.000Z,Inactive,Basic,Full,0
145,A3-905,GVM202601495,Anjali Gupta,customer145@meghasmart.com,9800000145,"Balcony, Bangalore",19.1982,73.0007,2024-08-11T18:30:00.000Z,Active,Pro,Read-only,0
146,A3-1001,GVM202601496,Rohan Gupta,customer146@meghasmart.com,9800000146,"Garage, Delhi",19.1117,73.0252,2024-08-02T18:30:00.000Z,Active,Premium,Limited,0
147,A3-1002,GVM202601497,Divya Gupta,customer147@meghasmart.com,9800000147,"Office, Hyderabad",19.1859,73.1353,2024-06-24T18:30:00.000Z,Active,Basic,Full,0
148,A3-1003,GVM202601498,Arun Gupta,customer148@meghasmart.com,9800000148,"Terrace, Chennai",19.0455,73.0229,2024-04-25T18:30:00.000Z,Active,Pro,Read-only,0
149,A3-1004,GVM202601499,Pooja Gupta,customer149@meghasmart.com,9800000149,"Basement, Pune",19.0599,73.0319,2024-06-23T18:30:00.000Z,Active,Premium,Limited,0
150,A3-1005,GVM202601500,Rajesh Khan,customer150@meghasmart.com,9800000150,"Living Room, Kolkata",19.0814,73.0415,2024-04-04T18:30:00.000Z,Active,Basic,Full,0
151,A4-101,GVM202601501,Priya Khan,customer151@meghasmart.com,9800000151,"Kitchen, Ahmedabad",19.1111,73.1131,2024-12-21T18:30:00.000Z,Active,Pro,Read-only,0
152,A4-102,GVM202601502,Arjun Khan,customer152@meghasmart.com,9800000152,"Bedroom, Mumbai",19.0768,73.0979,2024-01-20T18:30:00.000Z,Active,Premium,Limited,0
153,A4-103,GVM202601503,Sneha Khan,customer153@meghasmart.com,9800000153,"Bathroom, Bangalore",19.1923,73.1248,2024-11-13T18:30:00.000Z,Active,Basic,Full,0
154,A4-104,GVM202601504,Vikram Khan,customer154@meghasmart.com,9800000154,"Hall, Delhi",19.1537,73.0402,2024-03-10T18:30:00.000Z,Active,Pro,Read-only,0
155,A4-105,GVM202601505,Anjali Khan,customer155@meghasmart.com,9800000155,"Balcony, Hyderabad",19.0454,73.172,2024-01-02T18:30:00.000Z,Active,Premium,Limited,0
156,A4-201,GVM202601506,Rohan Khan,customer156@meghasmart.com,9800000156,"Garage, Chennai",19.0454,73.0568,2024-02-08T18:30:00.000Z,Active,Basic,Full,0
157,A4-202,GVM202601507,Divya Khan,customer157@meghasmart.com,9800000157,"Office, Pune",19.1041,73.0786,2024-11-26T18:30:00.000Z,Active,Pro,Read-only,0
158,A4-203,GVM202601508,Arun Khan,customer158@meghasmart.com,9800000158,"Terrace, Kolkata",19.1316,73.1306,2024-02-13T18:30:00.000Z,Active,Premium,Limited,0
159,A4-204,GVM202601509,Pooja Khan,customer159@meghasmart.com,9800000159,"Basement, Ahmedabad",19.0584,73.0894,2024-07-18T18:30:00.000Z,Active,Basic,Full,0
160,A4-205,GVM202601510,Rajesh Jain,customer160@meghasmart.com,9800000160,"Living Room, Mumbai",19.0695,73.0801,2024-02-10T18:30:00.000Z,Inactive,Pro,Read-only,0
161,A4-301,GVM202601511,Priya Jain,customer161@meghasmart.com,9800000161,"Kitchen, Bangalore",19.158,73.1563,2024-08-13T18:30:00.000Z,Active,Premium,Limited,0
162,A4-302,GVM202601512,Arjun Jain,customer162@meghasmart.com,9800000162,"Bedroom, Delhi",19.095,73.0731,2024-09-07T18:30:00.000Z,Active,Basic,Full,0
163,A4-303,GVM202601513,Sneha Jain,customer163@meghasmart.com,9800000163,"Bathroom, Hyderabad",19.1382,73.0433,2024-10-11T18:30:00.000Z,Active,Pro,Read-only,0
164,A4-304,GVM202601514,Vikram Jain,customer164@meghasmart.com,9800000164,"Hall, Chennai",19.0297,73.124,2024-11-04T18:30:00.000Z,Inactive,Premium,Limited,0
165,A4-305,GVM202601515,Anjali Jain,customer165@meghasmart.com,9800000165,"Balcony, Pune",19.1469,73.0732,2024-06-16T18:30:00.000Z,Active,Basic,Full,0
166,A4-401,GVM202601516,Rohan Jain,customer166@meghasmart.com,9800000166,"Garage, Kolkata",19.0352,73.1635,2024-09-13T18:30:00.000Z,Inactive,Pro,Read-only,0
167,A4-402,GVM202601517,Divya Jain,customer167@meghasmart.com,9800000167,"Office, Ahmedabad",19.0925,73.1052,2024-11-08T18:30:00.000Z,Inactive,Premium,Limited,0
168,A4-403,GVM202601518,Arun Jain,customer168@meghasmart.com,9800000168,"Terrace, Mumbai",19.0556,73.042,2024-09-12T18:30:00.000Z,Active,Basic,Full,0
169,A4-404,GVM202601519,Pooja Jain,customer169@meghasmart.com,9800000169,"Basement, Bangalore",19.0563,73.1251,2024-05-12T18:30:00.000Z,Active,Pro,Read-only,0
170,A4-405,GVM202601520,Rajesh Verma,customer170@meghasmart.com,9800000170,"Living Room, Delhi",19.1113,73.0604,2024-09-06T18:30:00.000Z,Active,Premium,Limited,0
171,A4-501,GVM202601521,Priya Verma,customer171@meghasmart.com,9800000171,"Kitchen, Hyderabad",19.0145,73.0555,2024-01-01T18:30:00.000Z,Inactive,Basic,Full,0
172,A4-502,GVM202601522,Arjun Verma,customer172@meghasmart.com,9800000172,"Bedroom, Chennai",19.0094,73.0358,2024-09-01T18:30:00.000Z,Active,Pro,Read-only,0
173,A4-503,GVM202601523,Sneha Verma,customer173@meghasmart.com,9800000173,"Bathroom, Pune",19.145,73.0362,2024-09-27T18:30:00.000Z,Active,Premium,Limited,0
174,A4-504,GVM202601524,Vikram Verma,customer174@meghasmart.com,9800000174,"Hall, Kolkata",19.1364,73.0888,2024-06-02T18:30:00.000Z,Active,Basic,Full,0
175,A4-505,GVM202601525,Anjali Verma,customer175@meghasmart.com,9800000175,"Balcony, Ahmedabad",19.0244,73.1768,2024-10-24T18:30:00.000Z,Active,Pro,Read-only,0
176,A4-601,GVM202601526,Rohan Verma,customer176@meghasmart.com,9800000176,"Garage, Mumbai",19.1289,73.0954,2024-09-13T18:30:00.000Z,Inactive,Premium,Limited,0
177,A4-602,GVM202601527,Divya Verma,customer177@meghasmart.com,9800000177,"Office, Bangalore",19.0514,73.0427,2024-02-18T18:30:00.000Z,Active,Basic,Full,0
178,A4-603,GVM202601528,Arun Verma,customer178@meghasmart.com,9800000178,"Terrace, Delhi",19.0845,73.1066,2024-12-12T18:30:00.000Z,Active,Pro,Read-only,0
179,A4-604,GVM202601529,Pooja Verma,customer179@meghasmart.com,9800000179,"Basement, Hyderabad",19.1663,73.1895,2024-01-25T18:30:00.000Z,Inactive,Premium,Limited,0
180,A4-605,GVM202601530,Rajesh Nair,customer180@meghasmart.com,9800000180,"Living Room, Chennai",19.0258,73.008,2024-09-02T18:30:00.000Z,Active,Basic,Full,0
181,A4-701,GVM202601531,Priya Nair,customer181@meghasmart.com,9800000181,"Kitchen, Pune",19.0925,73.1993,2024-11-14T18:30:00.000Z,Active,Pro,Read-only,0
182,A4-702,GVM202601532,Arjun Nair,customer182@meghasmart.com,9800000182,"Bedroom, Kolkata",19.1045,73.0758,2024-04-01T18:30:00.000Z,Active,Premium,Limited,0
183,A4-703,GVM202601533,Sneha Nair,customer183@meghasmart.com,9800000183,"Bathroom, Ahmedabad",19.1015,73.1116,2024-09-16T18:30:00.000Z,Active,Basic,Full,0
184,A4-704,GVM202601534,Vikram Nair,customer184@meghasmart.com,9800000184,"Hall, Mumbai",19.0016,73.1692,2024-10-27T18:30:00.000Z,Active,Pro,Read-only,0
185,A4-705,GVM202601535,Anjali Nair,customer185@meghasmart.com,9800000185,"Balcony, Bangalore",19.0994,73.0864,2024-09-05T18:30:00.000Z,Active,Premium,Limited,0
186,A4-801,GVM202601536,Rohan Nair,customer186@meghasmart.com,9800000186,"Garage, Delhi",19.1917,73.1603,2024-10-18T18:30:00.000Z,Active,Basic,Full,0
187,A4-802,GVM202601537,Divya Nair,customer187@meghasmart.com,9800000187,"Office, Hyderabad",19.1162,73.1596,2024-12-22T18:30:00.000Z,Active,Pro,Read-only,0
188,A4-803,GVM202601538,Arun Nair,customer188@meghasmart.com,9800000188,"Terrace, Chennai",19.0101,73.0685,2024-09-07T18:30:00.000Z,Active,Premium,Limited,0
189,A4-804,GVM202601539,Pooja Nair,customer189@meghasmart.com,9800000189,"Basement, Pune",19.1495,73.0705,2024-12-20T18:30:00.000Z,Active,Basic,Full,0
190,A4-805,GVM202601540,Rajesh Desai,customer190@meghasmart.com,9800000190,"Living Room, Kolkata",19.1284,73.1612,2023-12-31T18:30:00.000Z,Active,Pro,Read-only,0
191,A4-901,GVM202601541,Priya Desai,customer191@meghasmart.com,9800000191,"Kitchen, Ahmedabad",19.1632,73.1851,2024-12-07T18:30:00.000Z,Active,Premium,Limited,0
192,A4-902,GVM202601542,Arjun Desai,customer192@meghasmart.com,9800000192,"Bedroom, Mumbai",19.0393,73.1987,2024-09-16T18:30:00.000Z,Active,Basic,Full,0
193,A4-903,GVM202601543,Sneha Desai,customer193@meghasmart.com,9800000193,"Bathroom, Bangalore",19.1162,73.044,2024-12-12T18:30:00.000Z,Active,Pro,Read-only,0
194,A4-904,GVM202601544,Vikram Desai,customer194@meghasmart.com,9800000194,"Hall, Delhi",19.0512,73.0683,2024-05-12T18:30:00.000Z,Active,Premium,Limited,0
195,A4-905,GVM202601545,Anjali Desai,customer195@meghasmart.com,9800000195,"Balcony, Hyderabad",19.1459,73.1679,2024-05-16T18:30:00.000Z,Active,Basic,Full,0
196,A4-1001,GVM202601546,Rohan Desai,customer196@meghasmart.com,9800000196,"Garage, Chennai",19.0934,73.0933,2024-12-06T18:30:00.000Z,Active,Pro,Read-only,0
197,A4-1002,GVM202601547,Divya Desai,customer197@meghasmart.com,9800000197,"Office, Pune",19.0796,73.0359,2024-11-01T18:30:00.000Z,Active,Premium,Limited,0
198,A4-1003,GVM202601548,Arun Desai,customer198@meghasmart.com,9800000198,"Terrace, Kolkata",19.1468,73.0638,2024-12-24T18:30:00.000Z,Active,Basic,Full,0
199,A4-1004,GVM202601549,Pooja Desai,customer199@meghasmart.com,9800000199,"Basement, Ahmedabad",19.1885,73.0719,2024-02-13T18:30:00.000Z,Active,Pro,Read-only,0
200,A4-1005,GVM202601550,Rajesh Kumar,customer200@meghasmart.com,9800000200,"Living Room, Mumbai",19.1567,73.1255,2024-07-10T18:30:00.000Z,Inactive,Premium,Limited,0
201,A5-101,GVM202601551,Priya Kumar,customer201@meghasmart.com,9800000201,"Kitchen, Bangalore",19.0426,73.1637,2024-08-03T18:30:00.000Z,Active,Basic,Full,0
202,A5-102,GVM202601552,Arjun Kumar,customer202@meghasmart.com,9800000202,"Bedroom, Delhi",19.0731,73.0298,2024-02-15T18:30:00.000Z,Active,Pro,Read-only,0
203,A5-103,GVM202601553,Sneha Kumar,customer203@meghasmart.com,9800000203,"Bathroom, Hyderabad",19.1394,73.0767,2024-11-04T18:30:00.000Z,Active,Premium,Limited,0
204,A5-104,GVM202601554,Vikram Kumar,customer204@meghasmart.com,9800000204,"Hall, Chennai",19.0472,73.0603,2024-08-18T18:30:00.000Z,Inactive,Basic,Full,0
205,A5-105,GVM202601555,Anjali Kumar,customer205@meghasmart.com,9800000205,"Balcony, Pune",19.1556,73.0831,2024-05-06T18:30:00.000Z,Active,Pro,Read-only,0
206,A5-201,GVM202601556,Rohan Kumar,customer206@meghasmart.com,9800000206,"Garage, Kolkata",19.0803,73.1101,2024-10-25T18:30:00.000Z,Active,Premium,Limited,0
207,A5-202,GVM202601557,Divya Kumar,customer207@meghasmart.com,9800000207,"Office, Ahmedabad",19.1946,73.1489,2024-07-11T18:30:00.000Z,Active,Basic,Full,0
208,A5-203,GVM202601558,Arun Kumar,customer208@meghasmart.com,9800000208,"Terrace, Mumbai",19.1355,73.1411,2024-05-01T18:30:00.000Z,Active,Pro,Read-only,0
209,A5-204,GVM202601559,Pooja Kumar,customer209@meghasmart.com,9800000209,"Basement, Bangalore",19.1847,73.0205,2024-06-24T18:30:00.000Z,Inactive,Premium,Limited,0
210,A5-205,GVM202601560,Rajesh Singh,customer210@meghasmart.com,9800000210,"Living Room, Delhi",19.0604,73.1851,2024-10-26T18:30:00.000Z,Active,Basic,Full,0
211,A5-301,GVM202601561,Priya Singh,customer211@meghasmart.com,9800000211,"Kitchen, Hyderabad",19.1131,73.0984,2024-01-12T18:30:00.000Z,Active,Pro,Read-only,0
212,A5-302,GVM202601562,Arjun Singh,customer212@meghasmart.com,9800000212,"Bedroom, Chennai",19.1283,73.0324,2024-06-16T18:30:00.000Z,Active,Premium,Limited,0
213,A5-303,GVM202601563,Sneha Singh,customer213@meghasmart.com,9800000213,"Bathroom, Pune",19.0065,73.082,2024-05-14T18:30:00.000Z,Active,Basic,Full,0
214,A5-304,GVM202601564,Vikram Singh,customer214@meghasmart.com,9800000214,"Hall, Kolkata",19.1213,73.1345,2024-08-01T18:30:00.000Z,Active,Pro,Read-only,0
215,A5-305,GVM202601565,Anjali Singh,customer215@meghasmart.com,9800000215,"Balcony, Ahmedabad",19.1345,73.1069,2024-02-15T18:30:00.000Z,Active,Premium,Limited,0
216,A5-401,GVM202601566,Rohan Singh,customer216@meghasmart.com,9800000216,"Garage, Mumbai",19.174,73.068,2024-01-22T18:30:00.000Z,Active,Basic,Full,0
217,A5-402,GVM202601567,Divya Singh,customer217@meghasmart.com,9800000217,"Office, Bangalore",19.1124,73.0415,2024-11-15T18:30:00.000Z,Active,Pro,Read-only,0
218,A5-403,GVM202601568,Arun Singh,customer218@meghasmart.com,9800000218,"Terrace, Delhi",19.1581,73.0793,2024-11-06T18:30:00.000Z,Active,Premium,Limited,0
219,A5-404,GVM202601569,Pooja Singh,customer219@meghasmart.com,9800000219,"Basement, Hyderabad",19.0378,73.193,2024-04-23T18:30:00.000Z,Active,Basic,Full,0
220,A5-405,GVM202601570,Rajesh Patel,customer220@meghasmart.com,9800000220,"Living Room, Chennai",19.0556,73.0405,2024-05-18T18:30:00.000Z,Inactive,Pro,Read-only,0
221,A5-501,GVM202601571,Priya Patel,customer221@meghasmart.com,9800000221,"Kitchen, Pune",19.0808,73.126,2024-11-18T18:30:00.000Z,Inactive,Premium,Limited,0
222,A5-502,GVM202601572,Arjun Patel,customer222@meghasmart.com,9800000222,"Bedroom, Kolkata",19.1041,73.0328,2024-03-20T18:30:00.000Z,Active,Basic,Full,0
223,A5-503,GVM202601573,Sneha Patel,customer223@meghasmart.com,9800000223,"Bathroom, Ahmedabad",19.1608,73.1597,2024-02-24T18:30:00.000Z,Active,Pro,Read-only,0
224,A5-504,GVM202601574,Vikram Patel,customer224@meghasmart.com,9800000224,"Hall, Mumbai",19.0582,73.0905,2024-08-04T18:30:00.000Z,Active,Premium,Limited,0
225,A5-505,GVM202601575,Anjali Patel,customer225@meghasmart.com,9800000225,"Balcony, Bangalore",19.0337,73.129,2024-01-20T18:30:00.000Z,Active,Basic,Full,0
226,A5-601,GVM202601576,Rohan Patel,customer226@meghasmart.com,9800000226,"Garage, Delhi",19.0658,73.006,2024-11-24T18:30:00.000Z,Inactive,Pro,Read-only,0
227,A5-602,GVM202601577,Divya Patel,customer227@meghasmart.com,9800000227,"Office, Hyderabad",19.0724,73.0293,2024-02-07T18:30:00.000Z,Active,Premium,Limited,0
228,A5-603,GVM202601578,Arun Patel,customer228@meghasmart.com,9800000228,"Terrace, Chennai",19.056,73.1587,2024-10-27T18:30:00.000Z,Active,Basic,Full,0
229,A5-604,GVM202601579,Pooja Patel,customer229@meghasmart.com,9800000229,"Basement, Pune",19.1457,73.1195,2024-08-16T18:30:00.000Z,Inactive,Pro,Read-only,0
230,A5-605,GVM202601580,Rajesh Sharma,customer230@meghasmart.com,9800000230,"Living Room, Kolkata",19.0453,73.0101,2024-07-24T18:30:00.000Z,Active,Premium,Limited,0
231,A5-701,GVM202601581,Priya Sharma,customer231@meghasmart.com,9800000231,"Kitchen, Ahmedabad",19.1389,73.0491,2024-06-06T18:30:00.000Z,Active,Basic,Full,0
232,A5-702,GVM202601582,Arjun Sharma,customer232@meghasmart.com,9800000232,"Bedroom, Mumbai",19.1174,73.1729,2024-01-21T18:30:00.000Z,Active,Pro,Read-only,0
233,A5-703,GVM202601583,Sneha Sharma,customer233@meghasmart.com,9800000233,"Bathroom, Bangalore",19.168,73.0364,2024-11-05T18:30:00.000Z,Active,Premium,Limited,0
234,A5-704,GVM202601584,Vikram Sharma,customer234@meghasmart.com,9800000234,"Hall, Delhi",19.1129,73.185,2024-03-31T18:30:00.000Z,Inactive,Basic,Full,0
235,A5-705,GVM202601585,Anjali Sharma,customer235@meghasmart.com,9800000235,"Balcony, Hyderabad",19.1207,73.1418,2024-11-05T18:30:00.000Z,Active,Pro,Read-only,0
236,A5-801,GVM202601586,Rohan Sharma,customer236@meghasmart.com,9800000236,"Garage, Chennai",19.0218,73.1932,2024-05-09T18:30:00.000Z,Active,Premium,Limited,0
237,A5-802,GVM202601587,Divya Sharma,customer237@meghasmart.com,9800000237,"Office, Pune",19.1453,73.0607,2024-10-27T18:30:00.000Z,Active,Basic,Full,0
238,A5-803,GVM202601588,Arun Sharma,customer238@meghasmart.com,9800000238,"Terrace, Kolkata",19.1649,73.1557,2024-11-08T18:30:00.000Z,Active,Pro,Read-only,0
239,A5-804,GVM202601589,Pooja Sharma,customer239@meghasmart.com,9800000239,"Basement, Ahmedabad",19.0074,73.0478,2024-02-02T18:30:00.000Z,Active,Premium,Limited,0
240,A5-805,GVM202601590,Rajesh Gupta,customer240@meghasmart.com,9800000240,"Living Room, Mumbai",19.1787,73.1917,2024-04-19T18:30:00.000Z,Active,Basic,Full,0
241,A5-901,GVM202601591,Priya Gupta,customer241@meghasmart.com,9800000241,"Kitchen, Bangalore",19.0901,73.1239,2024-09-22T18:30:00.000Z,Active,Pro,Read-only,0
242,A5-902,GVM202601592,Arjun Gupta,customer242@meghasmart.com,9800000242,"Bedroom, Delhi",19.0491,73.194,2024-12-07T18:30:00.000Z,Active,Premium,Limited,0
243,A5-903,GVM202601593,Sneha Gupta,customer243@meghasmart.com,9800000243,"Bathroom, Hyderabad",19.0654,73.1928,2024-09-30T18:30:00.000Z,Active,Basic,Full,0
244,A5-904,GVM202601594,Vikram Gupta,customer244@meghasmart.com,9800000244,"Hall, Chennai",19.0386,73.1485,2024-02-03T18:30:00.000Z,Active,Pro,Read-only,0
245,A5-905,GVM202601595,Anjali Gupta,customer245@meghasmart.com,9800000245,"Balcony, Pune",19.0187,73.0267,2024-08-11T18:30:00.000Z,Active,Premium,Limited,0
246,A5-1001,GVM202601596,Rohan Gupta,customer246@meghasmart.com,9800000246,"Garage, Kolkata",19.1424,73.1938,2024-08-25T18:30:00.000Z,Active,Basic,Full,0
247,A5-1002,GVM202601597,Divya Gupta,customer247@meghasmart.com,9800000247,"Office, Ahmedabad",19.0912,73.0667,2024-06-03T18:30:00.000Z,Inactive,Pro,Read-only,0
248,A5-1003,GVM202601598,Arun Gupta,customer248@meghasmart.com,9800000248,"Terrace, Mumbai",19.0836,73.0023,2024-04-25T18:30:00.000Z,Active,Premium,Limited,0
249,A5-1004,GVM202601599,Pooja Gupta,customer249@meghasmart.com,9800000249,"Basement, Bangalore",19.0275,73.1988,2024-09-15T18:30:00.000Z,Active,Basic,Full,0
250,A5-1005,GVM202601600,Rajesh Khan,customer250@meghasmart.com,9800000250,"Living Room, Delhi",19.1539,73.1538,2024-01-05T18:30:00.000Z,Active,Pro,Read-only,0
251,A6-101,GVM202601601,Priya Khan,customer251@meghasmart.com,9800000251,"Kitchen, Hyderabad",19.1891,73.1711,2024-09-27T18:30:00.000Z,Active,Premium,Limited,0
252,A6-102,GVM202601602,Arjun Khan,customer252@meghasmart.com,9800000252,"Bedroom, Chennai",19.0738,73.0463,2024-10-09T18:30:00.000Z,Active,Basic,Full,0
253,A6-103,GVM202601603,Sneha Khan,customer253@meghasmart.com,9800000253,"Bathroom, Pune",19.0237,73.1878,2024-02-01T18:30:00.000Z,Inactive,Pro,Read-only,0
254,A6-104,GVM202601604,Vikram Khan,customer254@meghasmart.com,9800000254,"Hall, Kolkata",19.0382,73.1036,2024-11-24T18:30:00.000Z,Active,Premium,Limited,0
255,A6-105,GVM202601605,Anjali Khan,customer255@meghasmart.com,9800000255,"Balcony, Ahmedabad",19.1801,73.1169,2024-03-21T18:30:00.000Z,Active,Basic,Full,0
256,A6-201,GVM202601606,Rohan Khan,customer256@meghasmart.com,9800000256,"Garage, Mumbai",19.0199,73.0542,2024-04-02T18:30:00.000Z,Active,Pro,Read-only,0
257,A6-202,GVM202601607,Divya Khan,customer257@meghasmart.com,9800000257,"Office, Bangalore",19.041,73.088,2024-01-12T18:30:00.000Z,Active,Premium,Limited,0
258,A6-203,GVM202601608,Arun Khan,customer258@meghasmart.com,9800000258,"Terrace, Delhi",19.0852,73.1123,2024-12-15T18:30:00.000Z,Inactive,Basic,Full,0
259,A6-204,GVM202601609,Pooja Khan,customer259@meghasmart.com,9800000259,"Basement, Hyderabad",19.1177,73.0707,2024-06-21T18:30:00.000Z,Active,Pro,Read-only,0
260,A6-205,GVM202601610,Rajesh Jain,customer260@meghasmart.com,9800000260,"Living Room, Chennai",19.0361,73.0155,2024-01-05T18:30:00.000Z,Active,Premium,Limited,0
261,A6-301,GVM202601611,Priya Jain,customer261@meghasmart.com,9800000261,"Kitchen, Pune",19.1411,73.1486,2024-09-26T18:30:00.000Z,Inactive,Basic,Full,0
262,A6-302,GVM202601612,Arjun Jain,customer262@meghasmart.com,9800000262,"Bedroom, Kolkata",19.1898,73.0777,2024-11-21T18:30:00.000Z,Active,Pro,Read-only,0
263,A6-303,GVM202601613,Sneha Jain,customer263@meghasmart.com,9800000263,"Bathroom, Ahmedabad",19.1026,73.1345,2024-05-18T18:30:00.000Z,Active,Premium,Limited,0
264,A6-304,GVM202601614,Vikram Jain,customer264@meghasmart.com,9800000264,"Hall, Mumbai",19.1311,73.1853,2024-07-03T18:30:00.000Z,Active,Basic,Full,0
265,A6-305,GVM202601615,Anjali Jain,customer265@meghasmart.com,9800000265,"Balcony, Bangalore",19.1789,73.197,2024-12-03T18:30:00.000Z,Active,Pro,Read-only,0
266,A6-401,GVM202601616,Rohan Jain,customer266@meghasmart.com,9800000266,"Garage, Delhi",19.1108,73.1086,2024-06-11T18:30:00.000Z,Active,Premium,Limited,0
267,A6-402,GVM202601617,Divya Jain,customer267@meghasmart.com,9800000267,"Office, Hyderabad",19.1092,73.035,2024-06-19T18:30:00.000Z,Active,Basic,Full,0
268,A6-403,GVM202601618,Arun Jain,customer268@meghasmart.com,9800000268,"Terrace, Chennai",19.1804,73.1764,2024-06-07T18:30:00.000Z,Active,Pro,Read-only,0
269,A6-404,GVM202601619,Pooja Jain,customer269@meghasmart.com,9800000269,"Basement, Pune",19.1745,73.1695,2024-05-15T18:30:00.000Z,Active,Premium,Limited,0
270,A6-405,GVM202601620,Rajesh Verma,customer270@meghasmart.com,9800000270,"Living Room, Kolkata",19.0317,73.1178,2024-04-26T18:30:00.000Z,Active,Basic,Full,0
271,A6-501,GVM202601621,Priya Verma,customer271@meghasmart.com,9800000271,"Kitchen, Ahmedabad",19.0127,73.1254,2024-02-13T18:30:00.000Z,Active,Pro,Read-only,0
272,A6-502,GVM202601622,Arjun Verma,customer272@meghasmart.com,9800000272,"Bedroom, Mumbai",19.0266,73.0936,2024-05-23T18:30:00.000Z,Active,Premium,Limited,0
273,A6-503,GVM202601623,Sneha Verma,customer273@meghasmart.com,9800000273,"Bathroom, Bangalore",19.108,73.1499,2024-08-09T18:30:00.000Z,Active,Basic,Full,0
274,A6-504,GVM202601624,Vikram Verma,customer274@meghasmart.com,9800000274,"Hall, Delhi",19.0704,73.1596,2024-07-02T18:30:00.000Z,Active,Pro,Read-only,0
275,A6-505,GVM202601625,Anjali Verma,customer275@meghasmart.com,9800000275,"Balcony, Hyderabad",19.0022,73.0533,2024-10-08T18:30:00.000Z,Active,Premium,Limited,0
276,A6-601,GVM202601626,Rohan Verma,customer276@meghasmart.com,9800000276,"Garage, Chennai",19.1216,73.1297,2024-07-13T18:30:00.000Z,Active,Basic,Full,0
277,A6-602,GVM202601627,Divya Verma,customer277@meghasmart.com,9800000277,"Office, Pune",19.1818,73.0203,2024-07-26T18:30:00.000Z,Active,Pro,Read-only,0
278,A6-603,GVM202601628,Arun Verma,customer278@meghasmart.com,9800000278,"Terrace, Kolkata",19.0847,73.0975,2024-04-17T18:30:00.000Z,Active,Premium,Limited,0
279,A6-604,GVM202601629,Pooja Verma,customer279@meghasmart.com,9800000279,"Basement, Ahmedabad",19.1654,73.0934,2023-12-31T18:30:00.000Z,Active,Basic,Full,0
280,A6-605,GVM202601630,Rajesh Nair,customer280@meghasmart.com,9800000280,"Living Room, Mumbai",19.057,73.1153,2024-12-10T18:30:00.000Z,Active,Pro,Read-only,0
281,A6-701,GVM202601631,Priya Nair,customer281@meghasmart.com,9800000281,"Kitchen, Bangalore",19.1969,73.0222,2024-10-08T18:30:00.000Z,Active,Premium,Limited,0
282,A6-702,GVM202601632,Arjun Nair,customer282@meghasmart.com,9800000282,"Bedroom, Delhi",19.1375,73.0346,2024-03-07T18:30:00.000Z,Active,Basic,Full,0
283,A6-703,GVM202601633,Sneha Nair,customer283@meghasmart.com,9800000283,"Bathroom, Hyderabad",19.1013,73.0629,2024-10-20T18:30:00.000Z,Active,Pro,Read-only,0
284,A6-704,GVM202601634,Vikram Nair,customer284@meghasmart.com,9800000284,"Hall, Chennai",19.0017,73.1231,2024-11-18T18:30:00.000Z,Active,Premium,Limited,0
285,A6-705,GVM202601635,Anjali Nair,customer285@meghasmart.com,9800000285,"Balcony, Pune",19.016,73.1755,2024-07-06T18:30:00.000Z,Active,Basic,Full,0
286,A6-801,GVM202601636,Rohan Nair,customer286@meghasmart.com,9800000286,"Garage, Kolkata",19.1537,73.0028,2024-03-17T18:30:00.000Z,Active,Pro,Read-only,0
287,A6-802,GVM202601637,Divya Nair,customer287@meghasmart.com,9800000287,"Office, Ahmedabad",19.0564,73.0462,2024-10-01T18:30:00.000Z,Active,Premium,Limited,0
288,A6-803,GVM202601638,Arun Nair,customer288@meghasmart.com,9800000288,"Terrace, Mumbai",19.1273,73.1887,2024-08-26T18:30:00.000Z,Active,Basic,Full,0
289,A6-804,GVM202601639,Pooja Nair,customer289@meghasmart.com,9800000289,"Basement, Bangalore",19.1275,73.1074,2024-01-16T18:30:00.000Z,Active,Pro,Read-only,0
290,A6-805,GVM202601640,Rajesh Desai,customer290@meghasmart.com,9800000290,"Living Room, Delhi",19.145,73.1737,2024-06-20T18:30:00.000Z,Active,Premium,Limited,0
291,A6-901,GVM202601641,Priya Desai,customer291@meghasmart.com,9800000291,"Kitchen, Hyderabad",19.0575,73.0611,2024-09-10T18:30:00.000Z,Active,Basic,Full,0
292,A6-902,GVM202601642,Arjun Desai,customer292@meghasmart.com,9800000292,"Bedroom, Chennai",19.0685,73.1333,2024-09-30T18:30:00.000Z,Active,Pro,Read-only,0
293,A6-903,GVM202601643,Sneha Desai,customer293@meghasmart.com,9800000293,"Bathroom, Pune",19.1843,73.1134,2024-04-01T18:30:00.000Z,Active,Premium,Limited,0
294,A6-904,GVM202601644,Vikram Desai,customer294@meghasmart.com,9800000294,"Hall, Kolkata",19.1174,73.1429,2024-11-01T18:30:00.000Z,Active,Basic,Full,0
295,A6-905,GVM202601645,Anjali Desai,customer295@meghasmart.com,9800000295,"Balcony, Ahmedabad",19.0117,73.0753,2024-11-01T18:30:00.000Z,Active,Pro,Read-only,0
296,A6-1001,GVM202601646,Rohan Desai,customer296@meghasmart.com,9800000296,"Garage, Mumbai",19.1666,73.0678,2024-10-10T18:30:00.000Z,Active,Premium,Limited,0
297,A6-1002,GVM202601647,Divya Desai,customer297@meghasmart.com,9800000297,"Office, Bangalore",19.0715,73.117,2024-10-14T18:30:00.000Z,Active,Basic,Full,0
298,A6-1003,GVM202601648,Arun Desai,customer298@meghasmart.com,9800000298,"Terrace, Delhi",19.0434,73.0522,2024-10-21T18:30:00.000Z,Active,Pro,Read-only,0
299,A6-1004,GVM202601649,Pooja Desai,customer299@meghasmart.com,9800000299,"Basement, Hyderabad",19.1897,73.0807,2024-09-19T18:30:00.000Z,Active,Premium,Limited,0
300,A6-1005,GVM202601650,Rajesh Kumar,customer300@meghasmart.com,9800000300,"Living Room, Chennai",19.1301,73.0184,2024-08-23T18:30:00.000Z,Active,Basic,Full,0
301,A7-101,GVM202601651,Priya Kumar,customer301@meghasmart.com,9800000301,"Kitchen, Pune",19.0273,73.1997,2024-08-13T18:30:00.000Z,Active,Pro,Read-only,0
302,A7-102,GVM202601652,Arjun Kumar,customer302@meghasmart.com,9800000302,"Bedroom, Kolkata",19.0274,73.1548,2024-06-11T18:30:00.000Z,Active,Premium,Limited,0
303,A7-103,GVM202601653,Sneha Kumar,customer303@meghasmart.com,9800000303,"Bathroom, Ahmedabad",19.1406,73.0613,2024-08-13T18:30:00.000Z,Active,Basic,Full,0
304,A7-104,GVM202601654,Vikram Kumar,customer304@meghasmart.com,9800000304,"Hall, Mumbai",19.1555,73.1664,2024-01-05T18:30:00.000Z,Active,Pro,Read-only,0
305,A7-105,GVM202601655,Anjali Kumar,customer305@meghasmart.com,9800000305,"Balcony, Bangalore",19.1033,73.0582,2024-07-22T18:30:00.000Z,Active,Premium,Limited,0
306,A7-201,GVM202601656,Rohan Kumar,customer306@meghasmart.com,9800000306,"Garage, Delhi",19.0416,73.0943,2024-11-19T18:30:00.000Z,Active,Basic,Full,0
307,A7-202,GVM202601657,Divya Kumar,customer307@meghasmart.com,9800000307,"Office, Hyderabad",19.0074,73.1914,2024-07-09T18:30:00.000Z,Active,Pro,Read-only,0
308,A7-203,GVM202601658,Arun Kumar,customer308@meghasmart.com,9800000308,"Terrace, Chennai",19.0324,73.0179,2024-11-14T18:30:00.000Z,Active,Premium,Limited,0
309,A7-204,GVM202601659,Pooja Kumar,customer309@meghasmart.com,9800000309,"Basement, Pune",19.0036,73.1394,2024-05-06T18:30:00.000Z,Active,Basic,Full,0
310,A7-205,GVM202601660,Rajesh Singh,customer310@meghasmart.com,9800000310,"Living Room, Kolkata",19.123,73.1908,2024-07-04T18:30:00.000Z,Active,Pro,Read-only,0
311,A7-301,GVM202601661,Priya Singh,customer311@meghasmart.com,9800000311,"Kitchen, Ahmedabad",19.0535,73.0403,2024-06-25T18:30:00.000Z,Active,Premium,Limited,0
312,A7-302,GVM202601662,Arjun Singh,customer312@meghasmart.com,9800000312,"Bedroom, Mumbai",19.0699,73.1424,2024-09-09T18:30:00.000Z,Active,Basic,Full,0
313,A7-303,GVM202601663,Sneha Singh,customer313@meghasmart.com,9800000313,"Bathroom, Bangalore",19.1791,73.0572,2024-12-09T18:30:00.000Z,Active,Pro,Read-only,0
314,A7-304,GVM202601664,Vikram Singh,customer314@meghasmart.com,9800000314,"Hall, Delhi",19.1179,73.0714,2024-06-05T18:30:00.000Z,Active,Premium,Limited,0
315,A7-305,GVM202601665,Anjali Singh,customer315@meghasmart.com,9800000315,"Balcony, Hyderabad",19.1287,73.1692,2024-09-23T18:30:00.000Z,Active,Basic,Full,0
316,A7-401,GVM202601666,Rohan Singh,customer316@meghasmart.com,9800000316,"Garage, Chennai",19.1029,73.1372,2024-12-10T18:30:00.000Z,Active,Pro,Read-only,0
317,A7-402,GVM202601667,Divya Singh,customer317@meghasmart.com,9800000317,"Office, Pune",19.0119,73.0323,2024-04-27T18:30:00.000Z,Inactive,Premium,Limited,0
318,A7-403,GVM202601668,Arun Singh,customer318@meghasmart.com,9800000318,"Terrace, Kolkata",19.0531,73.1871,2024-01-02T18:30:00.000Z,Active,Basic,Full,0
319,A7-404,GVM202601669,Pooja Singh,customer319@meghasmart.com,9800000319,"Basement, Ahmedabad",19.1342,73.0899,2024-10-26T18:30:00.000Z,Active,Pro,Read-only,0
320,A7-405,GVM202601670,Rajesh Patel,customer320@meghasmart.com,9800000320,"Living Room, Mumbai",19.1358,73.0055,2024-07-14T18:30:00.000Z,Active,Premium,Limited,0
321,A7-501,GVM202601671,Priya Patel,customer321@meghasmart.com,9800000321,"Kitchen, Bangalore",19.1606,73.141,2024-04-08T18:30:00.000Z,Active,Basic,Full,0
322,A7-502,GVM202601672,Arjun Patel,customer322@meghasmart.com,9800000322,"Bedroom, Delhi",19.1398,73.112,2024-11-11T18:30:00.000Z,Active,Pro,Read-only,0
323,A7-503,GVM202601673,Sneha Patel,customer323@meghasmart.com,9800000323,"Bathroom, Hyderabad",19.1721,73.1322,2024-10-04T18:30:00.000Z,Active,Premium,Limited,0
324,A7-504,GVM202601674,Vikram Patel,customer324@meghasmart.com,9800000324,"Hall, Chennai",19.1223,73.1613,2024-01-12T18:30:00.000Z,Active,Basic,Full,0
325,A7-505,GVM202601675,Anjali Patel,customer325@meghasmart.com,9800000325,"Balcony, Pune",19.1247,73.1803,2024-01-12T18:30:00.000Z,Active,Pro,Read-only,0
326,A7-601,GVM202601676,Rohan Patel,customer326@meghasmart.com,9800000326,"Garage, Kolkata",19.1956,73.0447,2024-03-11T18:30:00.000Z,Active,Premium,Limited,0
327,A7-602,GVM202601677,Divya Patel,customer327@meghasmart.com,9800000327,"Office, Ahmedabad",19.1799,73.1852,2024-01-27T18:30:00.000Z,Active,Basic,Full,0
328,A7-603,GVM202601678,Arun Patel,customer328@meghasmart.com,9800000328,"Terrace, Mumbai",19.1542,73.0406,2024-11-03T18:30:00.000Z,Active,Pro,Read-only,0
329,A7-604,GVM202601679,Pooja Patel,customer329@meghasmart.com,9800000329,"Basement, Bangalore",19.1447,73.0122,2024-10-01T18:30:00.000Z,Active,Premium,Limited,0
330,A7-605,GVM202601680,Rajesh Sharma,customer330@meghasmart.com,9800000330,"Living Room, Delhi",19.1059,73.0545,2024-03-14T18:30:00.000Z,Inactive,Basic,Full,0
331,A7-701,GVM202601681,Priya Sharma,customer331@meghasmart.com,9800000331,"Kitchen, Hyderabad",19.1469,73.038,2024-06-13T18:30:00.000Z,Active,Pro,Read-only,0
332,A7-702,GVM202601682,Arjun Sharma,customer332@meghasmart.com,9800000332,"Bedroom, Chennai",19.0456,73.0481,2024-06-15T18:30:00.000Z,Active,Premium,Limited,0
333,A7-703,GVM202601683,Sneha Sharma,customer333@meghasmart.com,9800000333,"Bathroom, Pune",19.0166,73.121,2024-08-14T18:30:00.000Z,Active,Basic,Full,0
334,A7-704,GVM202601684,Vikram Sharma,customer334@meghasmart.com,9800000334,"Hall, Kolkata",19.0002,73.0977,2024-09-04T18:30:00.000Z,Active,Pro,Read-only,0
335,A7-705,GVM202601685,Anjali Sharma,customer335@meghasmart.com,9800000335,"Balcony, Ahmedabad",19.1977,73.0191,2024-03-10T18:30:00.000Z,Active,Premium,Limited,0
336,A7-801,GVM202601686,Rohan Sharma,customer336@meghasmart.com,9800000336,"Garage, Mumbai",19.1944,73.0602,2024-07-13T18:30:00.000Z,Active,Basic,Full,0
337,A7-802,GVM202601687,Divya Sharma,customer337@meghasmart.com,9800000337,"Office, Bangalore",19.1102,73.1869,2024-07-03T18:30:00.000Z,Active,Pro,Read-only,0
338,A7-803,GVM202601688,Arun Sharma,customer338@meghasmart.com,9800000338,"Terrace, Delhi",19.0771,73.1742,2024-03-02T18:30:00.000Z,Active,Premium,Limited,0
339,A7-804,GVM202601689,Pooja Sharma,customer339@meghasmart.com,9800000339,"Basement, Hyderabad",19.13,73.1628,2024-03-19T18:30:00.000Z,Active,Basic,Full,0
340,A7-805,GVM202601690,Rajesh Gupta,customer340@meghasmart.com,9800000340,"Living Room, Chennai",19.0827,73.1101,2024-10-01T18:30:00.000Z,Active,Pro,Read-only,0
341,A7-901,GVM202601691,Priya Gupta,customer341@meghasmart.com,9800000341,"Kitchen, Pune",19.0219,73.0458,2024-05-21T18:30:00.000Z,Active,Premium,Limited,0
342,A7-902,GVM202601692,Arjun Gupta,customer342@meghasmart.com,9800000342,"Bedroom, Kolkata",19.1083,73.1873,2024-10-13T18:30:00.000Z,Active,Basic,Full,0
343,A7-903,GVM202601693,Sneha Gupta,customer343@meghasmart.com,9800000343,"Bathroom, Ahmedabad",19.0698,73.148,2024-04-08T18:30:00.000Z,Active,Pro,Read-only,0
344,A7-904,GVM202601694,Vikram Gupta,customer344@meghasmart.com,9800000344,"Hall, Mumbai",19.1197,73.1756,2024-07-14T18:30:00.000Z,Active,Premium,Limited,0
345,A7-905,GVM202601695,Anjali Gupta,customer345@meghasmart.com,9800000345,"Balcony, Bangalore",19.066,73.1267,2024-04-26T18:30:00.000Z,Active,Basic,Full,0
346,A7-1001,GVM202601696,Rohan Gupta,customer346@meghasmart.com,9800000346,"Garage, Delhi",19.1358,73.1003,2024-06-08T18:30:00.000Z,Inactive,Pro,Read-only,0
347,A7-1002,GVM202601697,Divya Gupta,customer347@meghasmart.com,9800000347,"Office, Hyderabad",19.0192,73.0692,2024-08-04T18:30:00.000Z,Active,Premium,Limited,0
348,A7-1003,GVM202601698,Arun Gupta,customer348@meghasmart.com,9800000348,"Terrace, Chennai",19.0327,73.0517,2024-06-06T18:30:00.000Z,Active,Basic,Full,0
349,A7-1004,GVM202601699,Pooja Gupta,customer349@meghasmart.com,9800000349,"Basement, Pune",19.0072,73.0019,2024-06-15T18:30:00.000Z,Inactive,Pro,Read-only,0
350,A7-1005,GVM202601700,Rajesh Khan,customer350@meghasmart.com,9800000350,"Living Room, Kolkata",19.014,73.1555,2024-05-21T18:30:00.000Z,Active,Premium,Limited,0
351,A8-101,GVM202601701,Priya Khan,customer351@meghasmart.com,9800000351,"Kitchen, Ahmedabad",19.1447,73.0078,2024-09-09T18:30:00.000Z,Active,Basic,Full,0
352,A8-102,GVM202601702,Arjun Khan,customer352@meghasmart.com,9800000352,"Bedroom, Mumbai",19.0744,73.0683,2024-03-31T18:30:00.000Z,Active,Pro,Read-only,0
353,A8-103,GVM202601703,Sneha Khan,customer353@meghasmart.com,9800000353,"Bathroom, Bangalore",19.0896,73.102,2024-10-17T18:30:00.000Z,Active,Premium,Limited,0
354,A8-104,GVM202601704,Vikram Khan,customer354@meghasmart.com,9800000354,"Hall, Delhi",19.1875,73.0115,2024-03-15T18:30:00.000Z,Active,Basic,Full,0
355,A8-105,GVM202601705,Anjali Khan,customer355@meghasmart.com,9800000355,"Balcony, Hyderabad",19.1539,73.1205,2024-11-25T18:30:00.000Z,Active,Pro,Read-only,0
356,A8-201,GVM202601706,Rohan Khan,customer356@meghasmart.com,9800000356,"Garage, Chennai",19.1351,73.1564,2024-07-19T18:30:00.000Z,Active,Premium,Limited,0
357,A8-202,GVM202601707,Divya Khan,customer357@meghasmart.com,9800000357,"Office, Pune",19.0351,73.0521,2024-01-24T18:30:00.000Z,Active,Basic,Full,0
358,A8-203,GVM202601708,Arun Khan,customer358@meghasmart.com,9800000358,"Terrace, Kolkata",19.1569,73.1637,2024-03-10T18:30:00.000Z,Active,Pro,Read-only,0
359,A8-204,GVM202601709,Pooja Khan,customer359@meghasmart.com,9800000359,"Basement, Ahmedabad",19.1171,73.0198,2024-02-25T18:30:00.000Z,Active,Premium,Limited,0
360,A8-205,GVM202601710,Rajesh Jain,customer360@meghasmart.com,9800000360,"Living Room, Mumbai",19.1342,73.059,2024-07-06T18:30:00.000Z,Active,Basic,Full,0
361,A8-301,GVM202601711,Priya Jain,customer361@meghasmart.com,9800000361,"Kitchen, Bangalore",19.1846,73.0364,2024-07-22T18:30:00.000Z,Active,Pro,Read-only,0
362,A8-302,GVM202601712,Arjun Jain,customer362@meghasmart.com,9800000362,"Bedroom, Delhi",19.0468,73.1213,2024-03-10T18:30:00.000Z,Active,Premium,Limited,0
363,A8-303,GVM202601713,Sneha Jain,customer363@meghasmart.com,9800000363,"Bathroom, Hyderabad",19.01,73.0893,2024-11-24T18:30:00.000Z,Active,Basic,Full,0
364,A8-304,GVM202601714,Vikram Jain,customer364@meghasmart.com,9800000364,"Hall, Chennai",19.0905,73.186,2024-06-30T18:30:00.000Z,Active,Pro,Read-only,0
365,A8-305,GVM202601715,Anjali Jain,customer365@meghasmart.com,9800000365,"Balcony, Pune",19.0601,73.0499,2024-12-05T18:30:00.000Z,Active,Premium,Limited,0
366,A8-401,GVM202601716,Rohan Jain,customer366@meghasmart.com,9800000366,"Garage, Kolkata",19.1194,73.1653,2024-10-20T18:30:00.000Z,Active,Basic,Full,0
367,A8-402,GVM202601717,Divya Jain,customer367@meghasmart.com,9800000367,"Office, Ahmedabad",19.1708,73.0706,2024-09-18T18:30:00.000Z,Active,Pro,Read-only,0
368,A8-403,GVM202601718,Arun Jain,customer368@meghasmart.com,9800000368,"Terrace, Mumbai",19.1856,73.0643,2024-09-03T18:30:00.000Z,Active,Premium,Limited,0
369,A8-404,GVM202601719,Pooja Jain,customer369@meghasmart.com,9800000369,"Basement, Bangalore",19.1477,73.0771,2024-02-20T18:30:00.000Z,Active,Basic,Full,0
370,A8-405,GVM202601720,Rajesh Verma,customer370@meghasmart.com,9800000370,"Living Room, Delhi",19.0437,73.1128,2024-11-21T18:30:00.000Z,Active,Pro,Read-only,0
371,A8-501,GVM202601721,Priya Verma,customer371@meghasmart.com,9800000371,"Kitchen, Hyderabad",19.1294,73.0871,2024-08-11T18:30:00.000Z,Active,Premium,Limited,0
372,A8-502,GVM202601722,Arjun Verma,customer372@meghasmart.com,9800000372,"Bedroom, Chennai",19.1723,73.1461,2024-08-21T18:30:00.000Z,Active,Basic,Full,0
373,A8-503,GVM202601723,Sneha Verma,customer373@meghasmart.com,9800000373,"Bathroom, Pune",19.0782,73.1011,2024-05-20T18:30:00.000Z,Active,Pro,Read-only,0
374,A8-504,GVM202601724,Vikram Verma,customer374@meghasmart.com,9800000374,"Hall, Kolkata",19.0734,73.1621,2024-10-05T18:30:00.000Z,Active,Premium,Limited,0
375,A8-505,GVM202601725,Anjali Verma,customer375@meghasmart.com,9800000375,"Balcony, Ahmedabad",19.1014,73.1126,2024-12-04T18:30:00.000Z,Active,Basic,Full,0
376,A8-601,GVM202601726,Rohan Verma,customer376@meghasmart.com,9800000376,"Garage, Mumbai",19.1783,73.0183,2024-08-15T18:30:00.000Z,Active,Pro,Read-only,0
377,A8-602,GVM202601727,Divya Verma,customer377@meghasmart.com,9800000377,"Office, Bangalore",19.0448,73.0539,2024-09-26T18:30:00.000Z,Active,Premium,Limited,0
378,A8-603,GVM202601728,Arun Verma,customer378@meghasmart.com,9800000378,"Terrace, Delhi",19.1514,73.189,2024-05-17T18:30:00.000Z,Inactive,Basic,Full,0
379,A8-604,GVM202601729,Pooja Verma,customer379@meghasmart.com,9800000379,"Basement, Hyderabad",19.0735,73.1072,2024-11-10T18:30:00.000Z,Active,Pro,Read-only,0
380,A8-605,GVM202601730,Rajesh Nair,customer380@meghasmart.com,9800000380,"Living Room, Chennai",19.1892,73.0736,2024-07-20T18:30:00.000Z,Active,Premium,Limited,0
381,A8-701,GVM202601731,Priya Nair,customer381@meghasmart.com,9800000381,"Kitchen, Pune",19.1976,73.0216,2024-10-09T18:30:00.000Z,Active,Basic,Full,0
382,A8-702,GVM202601732,Arjun Nair,customer382@meghasmart.com,9800000382,"Bedroom, Kolkata",19.0356,73.1418,2024-07-05T18:30:00.000Z,Active,Pro,Read-only,0
383,A8-703,GVM202601733,Sneha Nair,customer383@meghasmart.com,9800000383,"Bathroom, Ahmedabad",19.1773,73.0717,2024-10-20T18:30:00.000Z,Active,Premium,Limited,0
384,A8-704,GVM202601734,Vikram Nair,customer384@meghasmart.com,9800000384,"Hall, Mumbai",19.0909,73.0505,2024-03-24T18:30:00.000Z,Active,Basic,Full,0
385,A8-705,GVM202601735,Anjali Nair,customer385@meghasmart.com,9800000385,"Balcony, Bangalore",19.0876,73.0017,2024-10-17T18:30:00.000Z,Active,Pro,Read-only,0
386,A8-801,GVM202601736,Rohan Nair,customer386@meghasmart.com,9800000386,"Garage, Delhi",19.0106,73.0412,2024-08-23T18:30:00.000Z,Active,Premium,Limited,0
387,A8-802,GVM202601737,Divya Nair,customer387@meghasmart.com,9800000387,"Office, Hyderabad",19.1217,73.1631,2024-11-07T18:30:00.000Z,Active,Basic,Full,0
388,A8-803,GVM202601738,Arun Nair,customer388@meghasmart.com,9800000388,"Terrace, Chennai",19.0498,73.0372,2024-12-22T18:30:00.000Z,Active,Pro,Read-only,0
389,A8-804,GVM202601739,Pooja Nair,customer389@meghasmart.com,9800000389,"Basement, Pune",19.1827,73.0365,2024-05-11T18:30:00.000Z,Active,Premium,Limited,0
390,A8-805,GVM202601740,Rajesh Desai,customer390@meghasmart.com,9800000390,"Living Room, Kolkata",19.1692,73.0404,2024-07-02T18:30:00.000Z,Active,Basic,Full,0
391,A8-901,GVM202601741,Priya Desai,customer391@meghasmart.com,9800000391,"Kitchen, Ahmedabad",19.1757,73.0044,2024-02-07T18:30:00.000Z,Active,Pro,Read-only,0
392,A8-902,GVM202601742,Arjun Desai,customer392@meghasmart.com,9800000392,"Bedroom, Mumbai",19.0375,73.018,2024-10-26T18:30:00.000Z,Active,Premium,Limited,0
393,A8-903,GVM202601743,Sneha Desai,customer393@meghasmart.com,9800000393,"Bathroom, Bangalore",19.1243,73.0221,2024-03-24T18:30:00.000Z,Active,Basic,Full,0
394,A8-904,GVM202601744,Vikram Desai,customer394@meghasmart.com,9800000394,"Hall, Delhi",19.1666,73.0435,2024-08-03T18:30:00.000Z,Inactive,Pro,Read-only,0
395,A8-905,GVM202601745,Anjali Desai,customer395@meghasmart.com,9800000395,"Balcony, Hyderabad",19.1972,73.0386,2024-06-18T18:30:00.000Z,Active,Premium,Limited,0
396,A8-1001,GVM202601746,Rohan Desai,customer396@meghasmart.com,9800000396,"Garage, Chennai",19.1252,73.1449,2024-10-21T18:30:00.000Z,Active,Basic,Full,0
397,A8-1002,GVM202601747,Divya Desai,customer397@meghasmart.com,9800000397,"Office, Pune",19.1571,73.0009,2024-10-31T18:30:00.000Z,Active,Pro,Read-only,0
398,A8-1003,GVM202601748,Arun Desai,customer398@meghasmart.com,9800000398,"Terrace, Kolkata",19.1003,73.164,2024-11-05T18:30:00.000Z,Active,Premium,Limited,0
399,A8-1004,GVM202601749,Pooja Desai,customer399@meghasmart.com,9800000399,"Basement, Ahmedabad",19.0995,73.1127,2024-10-09T18:30:00.000Z,Active,Basic,Full,0
400,A8-1005,GVM202601750,Rajesh Kumar,customer400@meghasmart.com,9800000400,"Living Room, Mumbai",19.032,73.1774,2024-10-14T18:30:00.000Z,Active,Pro,Read-only,0
401,A9-101,GVM202601751,Priya Kumar,customer401@meghasmart.com,9800000401,"Kitchen, Bangalore",19.0955,73.0818,2024-05-20T18:30:00.000Z,Active,Premium,Limited,0
402,A9-102,GVM202601752,Arjun Kumar,customer402@meghasmart.com,9800000402,"Bedroom, Delhi",19.1584,73.0085,2024-06-22T18:30:00.000Z,Active,Basic,Full,0
403,A9-103,GVM202601753,Sneha Kumar,customer403@meghasmart.com,9800000403,"Bathroom, Hyderabad",19.178,73.0056,2024-06-05T18:30:00.000Z,Active,Pro,Read-only,0
404,A9-104,GVM202601754,Vikram Kumar,customer404@meghasmart.com,9800000404,"Hall, Chennai",19.1718,73.0342,2024-03-13T18:30:00.000Z,Inactive,Premium,Limited,0
405,A9-105,GVM202601755,Anjali Kumar,customer405@meghasmart.com,9800000405,"Balcony, Pune",19.0883,73.1777,2024-05-09T18:30:00.000Z,Active,Basic,Full,0
406,A9-201,GVM202601756,Rohan Kumar,customer406@meghasmart.com,9800000406,"Garage, Kolkata",19.1341,73.1224,2024-11-06T18:30:00.000Z,Active,Pro,Read-only,0
407,A9-202,GVM202601757,Divya Kumar,customer407@meghasmart.com,9800000407,"Office, Ahmedabad",19.1204,73.1938,2024-07-11T18:30:00.000Z,Active,Premium,Limited,0
408,A9-203,GVM202601758,Arun Kumar,customer408@meghasmart.com,9800000408,"Terrace, Mumbai",19.1368,73.071,2024-04-07T18:30:00.000Z,Active,Basic,Full,0
409,A9-204,GVM202601759,Pooja Kumar,customer409@meghasmart.com,9800000409,"Basement, Bangalore",19.1103,73.1414,2024-09-18T18:30:00.000Z,Inactive,Pro,Read-only,0
410,A9-205,GVM202601760,Rajesh Singh,customer410@meghasmart.com,9800000410,"Living Room, Delhi",19.0404,73.0665,2024-11-05T18:30:00.000Z,Active,Premium,Limited,0
411,A9-301,GVM202601761,Priya Singh,customer411@meghasmart.com,9800000411,"Kitchen, Hyderabad",19.0018,73.0575,2024-06-22T18:30:00.000Z,Active,Basic,Full,0
412,A9-302,GVM202601762,Arjun Singh,customer412@meghasmart.com,9800000412,"Bedroom, Chennai",19.0161,73.0067,2024-02-14T18:30:00.000Z,Active,Pro,Read-only,0
413,A9-303,GVM202601763,Sneha Singh,customer413@meghasmart.com,9800000413,"Bathroom, Pune",19.1208,73.0553,2024-05-08T18:30:00.000Z,Inactive,Premium,Limited,0
414,A9-304,GVM202601764,Vikram Singh,customer414@meghasmart.com,9800000414,"Hall, Kolkata",19.1065,73.1784,2024-01-05T18:30:00.000Z,Active,Basic,Full,0
415,A9-305,GVM202601765,Anjali Singh,customer415@meghasmart.com,9800000415,"Balcony, Ahmedabad",19.0209,73.0084,2024-11-04T18:30:00.000Z,Active,Pro,Read-only,0
416,A9-401,GVM202601766,Rohan Singh,customer416@meghasmart.com,9800000416,"Garage, Mumbai",19.0881,73.158,2024-05-15T18:30:00.000Z,Active,Premium,Limited,0
417,A9-402,GVM202601767,Divya Singh,customer417@meghasmart.com,9800000417,"Office, Bangalore",19.0994,73.1061,2024-03-15T18:30:00.000Z,Inactive,Basic,Full,0
418,A9-403,GVM202601768,Arun Singh,customer418@meghasmart.com,9800000418,"Terrace, Delhi",19.1019,73.1872,2024-03-27T18:30:00.000Z,Active,Pro,Read-only,0
419,A9-404,GVM202601769,Pooja Singh,customer419@meghasmart.com,9800000419,"Basement, Hyderabad",19.0867,73.0382,2024-01-18T18:30:00.000Z,Active,Premium,Limited,0
420,A9-405,GVM202601770,Rajesh Patel,customer420@meghasmart.com,9800000420,"Living Room, Chennai",19.1397,73.0658,2024-05-05T18:30:00.000Z,Active,Basic,Full,0
421,A9-501,GVM202601771,Priya Patel,customer421@meghasmart.com,9800000421,"Kitchen, Pune",19.0634,73.1571,2024-05-25T18:30:00.000Z,Active,Pro,Read-only,0
422,A9-502,GVM202601772,Arjun Patel,customer422@meghasmart.com,9800000422,"Bedroom, Kolkata",19.122,73.1011,2024-05-17T18:30:00.000Z,Active,Premium,Limited,0
423,A9-503,GVM202601773,Sneha Patel,customer423@meghasmart.com,9800000423,"Bathroom, Ahmedabad",19.1633,73.136,2024-12-26T18:30:00.000Z,Active,Basic,Full,0
424,A9-504,GVM202601774,Vikram Patel,customer424@meghasmart.com,9800000424,"Hall, Mumbai",19.1694,73.0933,2024-06-13T18:30:00.000Z,Inactive,Pro,Read-only,0
425,A9-505,GVM202601775,Anjali Patel,customer425@meghasmart.com,9800000425,"Balcony, Bangalore",19.1587,73.1957,2024-08-10T18:30:00.000Z,Active,Premium,Limited,0
426,A9-601,GVM202601776,Rohan Patel,customer426@meghasmart.com,9800000426,"Garage, Delhi",19.0117,73.0049,2024-09-19T18:30:00.000Z,Active,Basic,Full,0
427,A9-602,GVM202601777,Divya Patel,customer427@meghasmart.com,9800000427,"Office, Hyderabad",19.1795,73.0956,2024-04-10T18:30:00.000Z,Active,Pro,Read-only,0
428,A9-603,GVM202601778,Arun Patel,customer428@meghasmart.com,9800000428,"Terrace, Chennai",19.1291,73.0387,2024-12-23T18:30:00.000Z,Active,Premium,Limited,0
429,A9-604,GVM202600779,Pooja Patel,customer429@meghasmart.com,9800000429,"Basement, Pune",19.0266,73.0518,2024-05-06T18:30:00.000Z,Active,Basic,Full,0
430,A9-605,GVM202601780,Rajesh Sharma,customer430@meghasmart.com,9800000430,"Living Room, Kolkata",19.1743,73.0602,2024-07-21T18:30:00.000Z,Active,Pro,Read-only,0
431,A9-701,GVM202601781,Priya Sharma,customer431@meghasmart.com,9800000431,"Kitchen, Ahmedabad",19.0572,73.0231,2024-10-19T18:30:00.000Z,Active,Premium,Limited,0
432,A9-702,GVM202601782,Arjun Sharma,customer432@meghasmart.com,9800000432,"Bedroom, Mumbai",19.065,73.1567,2024-06-30T18:30:00.000Z,Active,Basic,Full,0
433,A9-703,GVM202601783,Sneha Sharma,customer433@meghasmart.com,9800000433,"Bathroom, Bangalore",19.0069,73.1381,2024-09-09T18:30:00.000Z,Active,Pro,Read-only,0
434,A9-704,GVM202601784,Vikram Sharma,customer434@meghasmart.com,9800000434,"Hall, Delhi",19.1549,73.0002,2024-03-16T18:30:00.000Z,Active,Premium,Limited,0
435,A9-705,GVM202601785,Anjali Sharma,customer435@meghasmart.com,9800000435,"Balcony, Hyderabad",19.0803,73.0919,2024-02-18T18:30:00.000Z,Active,Basic,Full,0
436,A9-801,GVM202601786,Rohan Sharma,customer436@meghasmart.com,9800000436,"Garage, Chennai",19.0402,73.0709,2024-01-05T18:30:00.000Z,Active,Pro,Read-only,0
437,A9-802,GVM202601787,Divya Sharma,customer437@meghasmart.com,9800000437,"Office, Pune",19.0865,73.0109,2024-10-14T18:30:00.000Z,Active,Premium,Limited,0
438,A9-803,GVM202601788,Arun Sharma,customer438@meghasmart.com,9800000438,"Terrace, Kolkata",19.1618,73.1441,2024-10-23T18:30:00.000Z,Active,Basic,Full,0
439,A9-804,GVM202601789,Pooja Sharma,customer439@meghasmart.com,9800000439,"Basement, Ahmedabad",19.1269,73.146,2024-03-12T18:30:00.000Z,Active,Pro,Read-only,0
440,A9-805,GVM202601790,Rajesh Gupta,customer440@meghasmart.com,9800000440,"Living Room, Mumbai",19.0402,73.0724,2024-02-06T18:30:00.000Z,Active,Premium,Limited,0
441,A9-901,GVM202601791,Priya Gupta,customer441@meghasmart.com,9800000441,"Kitchen, Bangalore",19.1975,73.0343,2024-02-26T18:30:00.000Z,Active,Basic,Full,0
442,A9-902,GVM202601792,Arjun Gupta,customer442@meghasmart.com,9800000442,"Bedroom, Delhi",19.1839,73.1918,2024-11-24T18:30:00.000Z,Active,Pro,Read-only,0
443,A9-903,GVM202601793,Sneha Gupta,customer443@meghasmart.com,9800000443,"Bathroom, Hyderabad",19.0666,73.0196,2024-03-18T18:30:00.000Z,Active,Premium,Limited,0
444,A9-904,GVM202601794,Vikram Gupta,customer444@meghasmart.com,9800000444,"Hall, Chennai",19.106,73.1947,2024-05-09T18:30:00.000Z,Active,Basic,Full,0
445,A9-905,GVM202601795,Anjali Gupta,customer445@meghasmart.com,9800000445,"Balcony, Pune",19.1268,73.1037,2024-07-15T18:30:00.000Z,Active,Pro,Read-only,0
446,A9-1001,GVM202601796,Rohan Gupta,customer446@meghasmart.com,9800000446,"Garage, Kolkata",19.0417,73.1933,2024-02-01T18:30:00.000Z,Active,Premium,Limited,0
447,A9-1002,GVM202601797,Divya Gupta,customer447@meghasmart.com,9800000447,"Office, Ahmedabad",19.1692,73.1545,2024-01-09T18:30:00.000Z,Active,Basic,Full,0
448,A9-1003,GVM202601798,Arun Gupta,customer448@meghasmart.com,9800000448,"Terrace, Mumbai",19.0457,73.0284,2024-07-05T18:30:00.000Z,Active,Pro,Read-only,0
449,A9-1004,GVM202601799,Pooja Gupta,customer449@meghasmart.com,9800000449,"Basement, Bangalore",19.1649,73.0436,2024-02-07T18:30:00.000Z,Active,Premium,Limited,0
450,A9-1005,GVM202601800,Rajesh Khan,customer450@meghasmart.com,9800000450,"Living Room, Delhi",19.1462,73.1719,2024-01-20T18:30:00.000Z,Active,Basic,Full,0
451,A10-101,GVM202601801,Priya Khan,customer451@meghasmart.com,9800000451,"Kitchen, Hyderabad",19.0398,73.1089,2024-11-08T18:30:00.000Z,Active,Pro,Read-only,0
452,A10-102,GVM202601802,Arjun Khan,customer452@meghasmart.com,9800000452,"Bedroom, Chennai",19.1162,73.0449,2024-03-22T18:30:00.000Z,Active,Premium,Limited,0
453,A10-103,GVM202601803,Sneha Khan,customer453@meghasmart.com,9800000453,"Bathroom, Pune",19.1224,73.0223,2024-03-18T18:30:00.000Z,Active,Basic,Full,0
454,A10-104,GVM202601804,Vikram Khan,customer454@meghasmart.com,9800000454,"Hall, Kolkata",19.1976,73.1322,2024-01-14T18:30:00.000Z,Active,Pro,Read-only,0
455,A10-105,GVM202601805,Anjali Khan,customer455@meghasmart.com,9800000455,"Balcony, Ahmedabad",19.0782,73.1031,2024-02-15T18:30:00.000Z,Active,Premium,Limited,0
456,A10-201,GVM202601806,Rohan Khan,customer456@meghasmart.com,9800000456,"Garage, Mumbai",19.1363,73.1283,2024-09-01T18:30:00.000Z,Active,Basic,Full,0
457,A10-202,GVM202601807,Divya Khan,customer457@meghasmart.com,9800000457,"Office, Bangalore",19.1108,73.1515,2024-10-19T18:30:00.000Z,Active,Pro,Read-only,0
458,A10-203,GVM202601808,Arun Khan,customer458@meghasmart.com,9800000458,"Terrace, Delhi",19.0236,73.1446,2024-08-10T18:30:00.000Z,Active,Premium,Limited,0
459,A10-204,GVM202601809,Pooja Khan,customer459@meghasmart.com,9800000459,"Basement, Hyderabad",19.0845,73.1267,2024-01-26T18:30:00.000Z,Active,Basic,Full,0
460,A10-205,GVM202601810,Rajesh Jain,customer460@meghasmart.com,9800000460,"Living Room, Chennai",19.1725,73.1522,2024-01-16T18:30:00.000Z,Active,Pro,Read-only,0
461,A10-301,GVM202601811,Priya Jain,customer461@meghasmart.com,9800000461,"Kitchen, Pune",19.0156,73.1126,2024-10-07T18:30:00.000Z,Active,Premium,Limited,0
462,A10-302,GVM202601812,Arjun Jain,customer462@meghasmart.com,9800000462,"Bedroom, Kolkata",19.0216,73.0141,2024-08-11T18:30:00.000Z,Active,Basic,Full,0
463,A10-303,GVM202601813,Sneha Jain,customer463@meghasmart.com,9800000463,"Bathroom, Ahmedabad",19.1017,73.1886,2024-03-22T18:30:00.000Z,Active,Pro,Read-only,0
464,A10-304,GVM202601814,Vikram Jain,customer464@meghasmart.com,9800000464,"Hall, Mumbai",19.1202,73.0606,2024-07-13T18:30:00.000Z,Active,Premium,Limited,0
465,A10-305,GVM202601815,Anjali Jain,customer465@meghasmart.com,9800000465,"Balcony, Bangalore",19.0255,73.1036,2024-02-03T18:30:00.000Z,Active,Basic,Full,0
466,A10-401,GVM202601816,Rohan Jain,customer466@meghasmart.com,9800000466,"Garage, Delhi",19.176,73.0063,2024-03-01T18:30:00.000Z,Active,Pro,Read-only,0
467,A10-402,GVM202601817,Divya Jain,customer467@meghasmart.com,9800000467,"Office, Hyderabad",19.0227,73.1648,2024-10-18T18:30:00.000Z,Active,Premium,Limited,0
468,A10-403,GVM202601818,Arun Jain,customer468@meghasmart.com,9800000468,"Terrace, Chennai",19.0517,73.0395,2024-12-19T18:30:00.000Z,Active,Basic,Full,0
469,A10-404,GVM202601819,Pooja Jain,customer469@meghasmart.com,9800000469,"Basement, Pune",19.0388,73.0421,2024-10-08T18:30:00.000Z,Active,Pro,Read-only,0
470,A10-405,GVM202601820,Rajesh Verma,customer470@meghasmart.com,9800000470,"Living Room, Kolkata",19.1771,73.0707,2024-11-20T18:30:00.000Z,Inactive,Premium,Limited,0
471,A10-501,GVM202601821,Priya Verma,customer471@meghasmart.com,9800000471,"Kitchen, Ahmedabad",19.0936,73.1327,2024-05-08T18:30:00.000Z,Active,Basic,Full,0
472,A10-502,GVM202601822,Arjun Verma,customer472@meghasmart.com,9800000472,"Bedroom, Mumbai",19.1997,73.1658,2024-01-12T18:30:00.000Z,Active,Pro,Read-only,0
473,A10-503,GVM202601823,Sneha Verma,customer473@meghasmart.com,9800000473,"Bathroom, Bangalore",19.179,73.0778,2024-12-07T18:30:00.000Z,Active,Premium,Limited,0
474,A10-504,GVM202601824,Vikram Verma,customer474@meghasmart.com,9800000474,"Hall, Delhi",19.1832,73.1767,2024-03-13T18:30:00.000Z,Active,Basic,Full,0
475,A10-505,GVM202601825,Anjali Verma,customer475@meghasmart.com,9800000475,"Balcony, Hyderabad",19.1729,73.1354,2024-06-09T18:30:00.000Z,Active,Pro,Read-only,0
476,A10-601,GVM202601826,Rohan Verma,customer476@meghasmart.com,9800000476,"Garage, Chennai",19.1603,73.0956,2024-11-06T18:30:00.000Z,Active,Premium,Limited,0
477,A10-602,GVM202601827,Divya Verma,customer477@meghasmart.com,9800000477,"Office, Pune",19.1732,73.1878,2024-01-04T18:30:00.000Z,Active,Basic,Full,0
478,A10-603,GVM202601828,Arun Verma,customer478@meghasmart.com,9800000478,"Terrace, Kolkata",19.1128,73.0699,2024-04-08T18:30:00.000Z,Active,Pro,Read-only,0
479,A10-604,GVM202601829,Pooja Verma,customer479@meghasmart.com,9800000479,"Basement, Ahmedabad",19.1696,73.0239,2024-05-17T18:30:00.000Z,Active,Premium,Limited,0
480,A10-605,GVM202601830,Rajesh Nair,customer480@meghasmart.com,9800000480,"Living Room, Mumbai",19.1191,73.0626,2024-02-04T18:30:00.000Z,Active,Basic,Full,0
481,A10-701,GVM202601831,Priya Nair,customer481@meghasmart.com,9800000481,"Kitchen, Bangalore",19.0942,73.1551,2024-01-20T18:30:00.000Z,Active,Pro,Read-only,0
482,A10-702,GVM202601832,Arjun Nair,customer482@meghasmart.com,9800000482,"Bedroom, Delhi",19.1995,73.0059,2024-11-22T18:30:00.000Z,Active,Premium,Limited,0
483,A10-703,GVM202601833,Sneha Nair,customer483@meghasmart.com,9800000483,"Bathroom, Hyderabad",19.0665,73.0142,2024-08-27T18:30:00.000Z,Active,Basic,Full,0
484,A10-704,GVM202601834,Vikram Nair,customer484@meghasmart.com,9800000484,"Hall, Chennai",19.0135,73.0365,2024-04-22T18:30:00.000Z,Active,Pro,Read-only,0
485,A10-705,GVM202601835,Anjali Nair,customer485@meghasmart.com,9800000485,"Balcony, Pune",19.0594,73.1661,2024-03-24T18:30:00.000Z,Active,Premium,Limited,0
486,A10-801,GVM202601836,Rohan Nair,customer486@meghasmart.com,9800000486,"Garage, Kolkata",19.1735,73.1293,2024-05-21T18:30:00.000Z,Active,Basic,Full,0
487,A10-802,GVM202601837,Divya Nair,customer487@meghasmart.com,9800000487,"Office, Ahmedabad",19.0484,73.0693,2024-09-02T18:30:00.000Z,Active,Pro,Read-only,0
488,A10-803,GVM202601838,Arun Nair,customer488@meghasmart.com,9800000488,"Terrace, Mumbai",19.1445,73.1997,2024-09-09T18:30:00.000Z,Active,Premium,Limited,0
489,A10-804,GVM202601839,Pooja Nair,customer489@meghasmart.com,9800000489,"Basement, Bangalore",19.0944,73.0282,2024-06-15T18:30:00.000Z,Inactive,Basic,Full,0
490,A10-805,GVM202601840,Rajesh Desai,customer490@meghasmart.com,9800000490,"Living Room, Delhi",19.1955,73.087,2024-07-19T18:30:00.000Z,Inactive,Pro,Read-only,0
491,A10-901,GVM202601841,Priya Desai,customer491@meghasmart.com,9800000491,"Kitchen, Hyderabad",19.0836,73.1103,2024-11-26T18:30:00.000Z,Active,Premium,Limited,0
492,A10-902,GVM202601842,Arjun Desai,customer492@meghasmart.com,9800000492,"Bedroom, Chennai",19.1519,73.1768,2024-09-20T18:30:00.000Z,Active,Basic,Full,0
493,A10-903,GVM202601843,Sneha Desai,customer493@meghasmart.com,9800000493,"Bathroom, Pune",19.0345,73.0808,2024-06-17T18:30:00.000Z,Active,Pro,Read-only,0
494,A10-904,GVM202601844,Vikram Desai,customer494@meghasmart.com,9800000494,"Hall, Kolkata",19.0833,73.0438,2024-11-19T18:30:00.000Z,Active,Premium,Limited,0
495,A10-905,GVM202601845,Anjali Desai,customer495@meghasmart.com,9800000495,"Balcony, Ahmedabad",19.0376,73.1558,2024-06-02T18:30:00.000Z,Active,Basic,Full,0
496,A10-1001,GVM202601846,Rohan Desai,customer496@meghasmart.com,9800000496,"Garage, Mumbai",19.195,73.0935,2024-12-20T18:30:00.000Z,Inactive,Pro,Read-only,0
497,A10-1002,GVM202601847,Divya Desai,customer497@meghasmart.com,9800000497,"Office, Bangalore",19.0232,73.196,2024-11-20T18:30:00.000Z,Active,Premium,Limited,0
498,A10-1003,GVM202601848,Arun Desai,customer498@meghasmart.com,9800000498,"Terrace, Delhi",19.1678,73.0386,2024-11-27T18:30:00.000Z,Active,Basic,Full,0
499,A10-1004,GVM202601849,Pooja Desai,customer499@meghasmart.com,9800000499,"Basement, Hyderabad",19.0951,73.0094,2024-09-14T18:30:00.000Z,Inactive,Pro,Read-only,0
500,A10-1005,GVM202601850,Rajesh Kumar,customer500@meghasmart.com,9800000500,"Living Room, Chennai",19.144,73.176,2024-10-08T18:30:00.000Z,Active,Premium,Limited,0
501,A11-101,GVM202601851,Priya Kumar,customer501@meghasmart.com,9800000501,"Kitchen, Pune",19.1237,73.0158,2024-01-25T18:30:00.000Z,Active,Basic,Full,0
502,A11-102,GVM202601852,Arjun Kumar,customer502@meghasmart.com,9800000502,"Bedroom, Kolkata",19.144,73.1194,2024-02-05T18:30:00.000Z,Active,Pro,Read-only,0
503,A11-103,GVM202601853,Sneha Kumar,customer503@meghasmart.com,9800000503,"Bathroom, Ahmedabad",19.0331,73.0094,2024-03-27T18:30:00.000Z,Active,Premium,Limited,0
504,A11-104,GVM202601854,Vikram Kumar,customer504@meghasmart.com,9800000504,"Hall, Mumbai",19.1426,73.0674,2024-11-16T18:30:00.000Z,Active,Basic,Full,0
505,A11-105,GVM202601855,Anjali Kumar,customer505@meghasmart.com,9800000505,"Balcony, Bangalore",19.0901,73.149,2024-05-10T18:30:00.000Z,Active,Pro,Read-only,0
506,A11-201,GVM202601856,Rohan Kumar,customer506@meghasmart.com,9800000506,"Garage, Delhi",19.1167,73.0886,2023-12-31T18:30:00.000Z,Active,Premium,Limited,0
507,A11-202,GVM202601857,Divya Kumar,customer507@meghasmart.com,9800000507,"Office, Hyderabad",19.1033,73.1636,2024-01-31T18:30:00.000Z,Active,Basic,Full,0
508,A11-203,GVM202601858,Arun Kumar,customer508@meghasmart.com,9800000508,"Terrace, Chennai",19.0347,73.09,2024-01-26T18:30:00.000Z,Inactive,Pro,Read-only,0
509,A11-204,GVM202601859,Pooja Kumar,customer509@meghasmart.com,9800000509,"Basement, Pune",19.0872,73.1007,2024-06-27T18:30:00.000Z,Active,Premium,Limited,0
510,A11-205,GVM202601860,Rajesh Singh,customer510@meghasmart.com,9800000510,"Living Room, Kolkata",19.0959,73.1786,2024-02-20T18:30:00.000Z,Active,Basic,Full,0
511,A11-301,GVM202601861,Priya Singh,customer511@meghasmart.com,9800000511,"Kitchen, Ahmedabad",19.0015,73.1771,2024-07-25T18:30:00.000Z,Active,Pro,Read-only,0
512,A11-302,GVM202601862,Arjun Singh,customer512@meghasmart.com,9800000512,"Bedroom, Mumbai",19.0745,73.0752,2024-01-20T18:30:00.000Z,Active,Premium,Limited,0
513,A11-303,GVM202601863,Sneha Singh,customer513@meghasmart.com,9800000513,"Bathroom, Bangalore",19.1144,73,2024-10-18T18:30:00.000Z,Active,Basic,Full,0
514,A11-304,GVM202601864,Vikram Singh,customer514@meghasmart.com,9800000514,"Hall, Delhi",19.001,73.1037,2024-09-06T18:30:00.000Z,Active,Pro,Read-only,0
515,A11-305,GVM202601865,Anjali Singh,customer515@meghasmart.com,9800000515,"Balcony, Hyderabad",19.0048,73.0793,2024-08-06T18:30:00.000Z,Active,Premium,Limited,0
516,A11-401,GVM202601866,Rohan Singh,customer516@meghasmart.com,9800000516,"Garage, Chennai",19.0218,73.0566,2024-05-12T18:30:00.000Z,Active,Basic,Full,0
517,A11-402,GVM202601867,Divya Singh,customer517@meghasmart.com,9800000517,"Office, Pune",19.0386,73.0091,2024-08-17T18:30:00.000Z,Inactive,Pro,Read-only,0
518,A11-403,GVM202601868,Arun Singh,customer518@meghasmart.com,9800000518,"Terrace, Kolkata",19.1582,73.1623,2024-04-21T18:30:00.000Z,Active,Premium,Limited,0
519,A11-404,GVM202601869,Pooja Singh,customer519@meghasmart.com,9800000519,"Basement, Ahmedabad",19.0163,73.1524,2024-07-11T18:30:00.000Z,Active,Basic,Full,0
520,A11-405,GVM202601870,Rajesh Patel,customer520@meghasmart.com,9800000520,"Living Room, Mumbai",19.0562,73.0396,2024-07-27T18:30:00.000Z,Active,Pro,Read-only,0
521,A11-501,GVM202601871,Priya Patel,customer521@meghasmart.com,9800000521,"Kitchen, Bangalore",19.1089,73.0672,2024-01-21T18:30:00.000Z,Active,Premium,Limited,0
522,A11-502,GVM202601872,Arjun Patel,customer522@meghasmart.com,9800000522,"Bedroom, Delhi",19.1593,73.1154,2024-11-27T18:30:00.000Z,Active,Basic,Full,0
523,A11-503,GVM202601873,Sneha Patel,customer523@meghasmart.com,9800000523,"Bathroom, Hyderabad",19.0361,73.0412,2024-02-05T18:30:00.000Z,Active,Pro,Read-only,0
524,A11-504,GVM202601874,Vikram Patel,customer524@meghasmart.com,9800000524,"Hall, Chennai",19.1793,73.0049,2024-02-03T18:30:00.000Z,Active,Premium,Limited,0
525,A11-505,GVM202601875,Anjali Patel,customer525@meghasmart.com,9800000525,"Balcony, Pune",19.0133,73.1986,2024-07-19T18:30:00.000Z,Active,Basic,Full,0
526,A11-601,GVM202601876,Rohan Patel,customer526@meghasmart.com,9800000526,"Garage, Kolkata",19.0085,73.1313,2024-11-01T18:30:00.000Z,Active,Pro,Read-only,0
527,A11-602,GVM202601877,Divya Patel,customer527@meghasmart.com,9800000527,"Office, Ahmedabad",19.162,73.1008,2024-10-06T18:30:00.000Z,Active,Premium,Limited,0
528,A11-603,GVM202601878,Arun Patel,customer528@meghasmart.com,9800000528,"Terrace, Mumbai",19.1313,73.1006,2024-11-14T18:30:00.000Z,Active,Basic,Full,0
529,A11-604,GVM202601879,Pooja Patel,customer529@meghasmart.com,9800000529,"Basement, Bangalore",19.1842,73.0021,2024-12-09T18:30:00.000Z,Active,Pro,Read-only,0
530,A11-605,GVM202601880,Rajesh Sharma,customer530@meghasmart.com,9800000530,"Living Room, Delhi",19.045,73.0206,2024-07-06T18:30:00.000Z,Active,Premium,Limited,0
531,A11-701,GVM202601881,Priya Sharma,customer531@meghasmart.com,9800000531,"Kitchen, Hyderabad",19.1504,73.1597,2024-05-05T18:30:00.000Z,Inactive,Basic,Full,0
532,A11-702,GVM202601882,Arjun Sharma,customer532@meghasmart.com,9800000532,"Bedroom, Chennai",19.1118,73.1396,2024-08-01T18:30:00.000Z,Inactive,Pro,Read-only,0
533,A11-703,GVM202601883,Sneha Sharma,customer533@meghasmart.com,9800000533,"Bathroom, Pune",19.1541,73.122,2024-07-02T18:30:00.000Z,Active,Premium,Limited,0
534,A11-704,GVM202601884,Vikram Sharma,customer534@meghasmart.com,9800000534,"Hall, Kolkata",19.0146,73.1015,2024-11-26T18:30:00.000Z,Active,Basic,Full,0
535,A11-705,GVM202601885,Anjali Sharma,customer535@meghasmart.com,9800000535,"Balcony, Ahmedabad",19.0903,73.192,2024-03-06T18:30:00.000Z,Active,Pro,Read-only,0
536,A11-801,GVM202601886,Rohan Sharma,customer536@meghasmart.com,9800000536,"Garage, Mumbai",19.0642,73.0119,2024-08-08T18:30:00.000Z,Active,Premium,Limited,0
537,A11-802,GVM202601887,Divya Sharma,customer537@meghasmart.com,9800000537,"Office, Bangalore",19.1997,73.0777,2024-03-08T18:30:00.000Z,Active,Basic,Full,0
538,A11-803,GVM202601888,Arun Sharma,customer538@meghasmart.com,9800000538,"Terrace, Delhi",19.0288,73.1355,2024-10-13T18:30:00.000Z,Active,Pro,Read-only,0
539,A11-804,GVM202601889,Pooja Sharma,customer539@meghasmart.com,9800000539,"Basement, Hyderabad",19.1492,73.0686,2024-10-06T18:30:00.000Z,Active,Premium,Limited,0
540,A11-805,GVM202601890,Rajesh Gupta,customer540@meghasmart.com,9800000540,"Living Room, Chennai",19.1542,73.0427,2024-06-03T18:30:00.000Z,Active,Basic,Full,0
541,A11-901,GVM202601891,Priya Gupta,customer541@meghasmart.com,9800000541,"Kitchen, Pune",19.0143,73.0674,2024-04-06T18:30:00.000Z,Active,Pro,Read-only,0
542,A11-902,GVM202601892,Arjun Gupta,customer542@meghasmart.com,9800000542,"Bedroom, Kolkata",19.0069,73.0752,2024-02-29T18:30:00.000Z,Active,Premium,Limited,0
543,A11-903,GVM202601893,Sneha Gupta,customer543@meghasmart.com,9800000543,"Bathroom, Ahmedabad",19.1117,73.1256,2024-11-21T18:30:00.000Z,Active,Basic,Full,0
544,A11-904,GVM202601894,Vikram Gupta,customer544@meghasmart.com,9800000544,"Hall, Mumbai",19.0368,73.1746,2024-07-09T18:30:00.000Z,Active,Pro,Read-only,0
545,A11-905,GVM202601895,Anjali Gupta,customer545@meghasmart.com,9800000545,"Balcony, Bangalore",19.0466,73.187,2024-01-11T18:30:00.000Z,Active,Premium,Limited,0
546,A11-1001,GVM202601896,Rohan Gupta,customer546@meghasmart.com,9800000546,"Garage, Delhi",19.1108,73.1597,2024-08-11T18:30:00.000Z,Active,Basic,Full,0
547,A11-1002,GVM202601897,Divya Gupta,customer547@meghasmart.com,9800000547,"Office, Hyderabad",19.0079,73.1444,2024-08-15T18:30:00.000Z,Active,Pro,Read-only,0
548,A11-1003,GVM202601898,Arun Gupta,customer548@meghasmart.com,9800000548,"Terrace, Chennai",19.1575,73.0917,2024-03-19T18:30:00.000Z,Active,Premium,Limited,0
549,A11-1004,GVM202601899,Pooja Gupta,customer549@meghasmart.com,9800000549,"Basement, Pune",19.0633,73.1186,2024-11-02T18:30:00.000Z,Inactive,Basic,Full,0
550,A11-1005,GVM202601900,Rajesh Khan,customer550@meghasmart.com,9800000550,"Living Room, Kolkata",19.1678,73.0619,2024-11-26T18:30:00.000Z,Inactive,Pro,Read-only,0
551,A12-101,GVM202601901,Priya Khan,customer551@meghasmart.com,9800000551,"Kitchen, Ahmedabad",19.1372,73.1363,2024-06-14T18:30:00.000Z,Active,Premium,Limited,0
552,A12-102,GVM202601902,Arjun Khan,customer552@meghasmart.com,9800000552,"Bedroom, Mumbai",19.0146,73.172,2024-03-06T18:30:00.000Z,Active,Basic,Full,0
553,A12-103,GVM202601903,Sneha Khan,customer553@meghasmart.com,9800000553,"Bathroom, Bangalore",19.1938,73.004,2024-08-23T18:30:00.000Z,Active,Pro,Read-only,0
554,A12-104,GVM202601904,Vikram Khan,customer554@meghasmart.com,9800000554,"Hall, Delhi",19.0181,73.005,2024-11-20T18:30:00.000Z,Active,Premium,Limited,0
555,A12-105,GVM202601905,Anjali Khan,customer555@meghasmart.com,9800000555,"Balcony, Hyderabad",19.0676,73.1239,2024-09-10T18:30:00.000Z,Active,Basic,Full,0
556,A12-201,GVM202601906,Rohan Khan,customer556@meghasmart.com,9800000556,"Garage, Chennai",19.0102,73.0239,2024-03-11T18:30:00.000Z,Active,Pro,Read-only,0
557,A12-202,GVM202601907,Divya Khan,customer557@meghasmart.com,9800000557,"Office, Pune",19.0507,73.1465,2024-05-27T18:30:00.000Z,Active,Premium,Limited,0
558,A12-203,GVM202601908,Arun Khan,customer558@meghasmart.com,9800000558,"Terrace, Kolkata",19.0269,73.0065,2024-10-13T18:30:00.000Z,Active,Basic,Full,0
559,A12-204,GVM202601909,Pooja Khan,customer559@meghasmart.com,9800000559,"Basement, Ahmedabad",19.1532,73.0625,2024-02-05T18:30:00.000Z,Active,Pro,Read-only,0
560,A12-205,GVM202601910,Rajesh Jain,customer560@meghasmart.com,9800000560,"Living Room, Mumbai",19.0823,73.1653,2024-04-30T18:30:00.000Z,Active,Premium,Limited,0
561,A12-301,GVM202601911,Priya Jain,customer561@meghasmart.com,9800000561,"Kitchen, Bangalore",19.0685,73.0235,2024-10-27T18:30:00.000Z,Active,Basic,Full,0
562,A12-302,GVM202601912,Arjun Jain,customer562@meghasmart.com,9800000562,"Bedroom, Delhi",19.1518,73.1997,2024-09-04T18:30:00.000Z,Active,Pro,Read-only,0
563,A12-303,GVM202601913,Sneha Jain,customer563@meghasmart.com,9800000563,"Bathroom, Hyderabad",19.1001,73.0438,2024-09-19T18:30:00.000Z,Active,Premium,Limited,0
564,A12-304,GVM202601914,Vikram Jain,customer564@meghasmart.com,9800000564,"Hall, Chennai",19.021,73.0162,2024-11-16T18:30:00.000Z,Active,Basic,Full,0
565,A12-305,GVM202601915,Anjali Jain,customer565@meghasmart.com,9800000565,"Balcony, Pune",19.1607,73.0814,2024-07-03T18:30:00.000Z,Active,Pro,Read-only,0
566,A12-401,GVM202601916,Rohan Jain,customer566@meghasmart.com,9800000566,"Garage, Kolkata",19.0377,73.0384,2024-08-20T18:30:00.000Z,Active,Premium,Limited,0
567,A12-402,GVM202601917,Divya Jain,customer567@meghasmart.com,9800000567,"Office, Ahmedabad",19.0467,73.0705,2024-05-02T18:30:00.000Z,Active,Basic,Full,0
568,A12-403,GVM202601918,Arun Jain,customer568@meghasmart.com,9800000568,"Terrace, Mumbai",19.1189,73.1771,2024-04-03T18:30:00.000Z,Active,Pro,Read-only,0
569,A12-404,GVM202601919,Pooja Jain,customer569@meghasmart.com,9800000569,"Basement, Bangalore",19.0329,73.0602,2024-12-24T18:30:00.000Z,Active,Premium,Limited,0
570,A12-405,GVM202601920,Rajesh Verma,customer570@meghasmart.com,9800000570,"Living Room, Delhi",19.1133,73.1133,2024-10-16T18:30:00.000Z,Active,Basic,Full,0
571,A12-501,GVM202601921,Priya Verma,customer571@meghasmart.com,9800000571,"Kitchen, Hyderabad",19.1669,73.0713,2024-01-12T18:30:00.000Z,Active,Pro,Read-only,0
572,A12-502,GVM202601922,Arjun Verma,customer572@meghasmart.com,9800000572,"Bedroom, Chennai",19.0772,73.0954,2024-09-27T18:30:00.000Z,Active,Premium,Limited,0
573,A12-503,GVM202601923,Sneha Verma,customer573@meghasmart.com,9800000573,"Bathroom, Pune",19.1893,73.0767,2024-04-17T18:30:00.000Z,Active,Basic,Full,0
574,A12-504,GVM202601924,Vikram Verma,customer574@meghasmart.com,9800000574,"Hall, Kolkata",19.1697,73.1929,2024-06-01T18:30:00.000Z,Active,Pro,Read-only,0
575,A12-505,GVM202601925,Anjali Verma,customer575@meghasmart.com,9800000575,"Balcony, Ahmedabad",19.045,73.0545,2024-11-13T18:30:00.000Z,Inactive,Premium,Limited,0
576,A12-601,GVM202601926,Rohan Verma,customer576@meghasmart.com,9800000576,"Garage, Mumbai",19.1161,73.064,2024-04-16T18:30:00.000Z,Active,Basic,Full,0
577,A12-602,GVM202601927,Divya Verma,customer577@meghasmart.com,9800000577,"Office, Bangalore",19.1054,73.175,2024-08-13T18:30:00.000Z,Active,Pro,Read-only,0
578,A12-603,GVM202601928,Arun Verma,customer578@meghasmart.com,9800000578,"Terrace, Delhi",19.0005,73.1808,2024-04-13T18:30:00.000Z,Active,Premium,Limited,0
579,A12-604,GVM202600929,Pooja Verma,customer579@meghasmart.com,9800000579,"Basement, Hyderabad",19.1158,73.1279,2024-04-15T18:30:00.000Z,Active,Basic,Full,0
580,A12-605,GVM202601930,Rajesh Nair,customer580@meghasmart.com,9800000580,"Living Room, Chennai",19.0166,73.058,2024-07-05T18:30:00.000Z,Active,Pro,Read-only,0
581,A12-701,GVM202601931,Priya Nair,customer581@meghasmart.com,9800000581,"Kitchen, Pune",19.1602,73.1904,2024-09-17T18:30:00.000Z,Inactive,Premium,Limited,0
582,A12-702,GVM202601932,Arjun Nair,customer582@meghasmart.com,9800000582,"Bedroom, Kolkata",19.1783,73.1222,2024-06-24T18:30:00.000Z,Active,Basic,Full,0
583,A12-703,GVM202601933,Sneha Nair,customer583@meghasmart.com,9800000583,"Bathroom, Ahmedabad",19.1874,73.0275,2024-05-26T18:30:00.000Z,Inactive,Pro,Read-only,0
584,A12-704,GVM202601934,Vikram Nair,customer584@meghasmart.com,9800000584,"Hall, Mumbai",19.0581,73.0558,2024-06-21T18:30:00.000Z,Active,Premium,Limited,0
585,A12-705,GVM202601935,Anjali Nair,customer585@meghasmart.com,9800000585,"Balcony, Bangalore",19.0385,73.17,2024-03-05T18:30:00.000Z,Active,Basic,Full,0
586,A12-801,GVM202601936,Rohan Nair,customer586@meghasmart.com,9800000586,"Garage, Delhi",19.0503,73.1468,2024-02-22T18:30:00.000Z,Active,Pro,Read-only,0
587,A12-802,GVM202601937,Divya Nair,customer587@meghasmart.com,9800000587,"Office, Hyderabad",19.1489,73.1431,2024-10-07T18:30:00.000Z,Active,Premium,Limited,0
588,A12-803,GVM202601938,Arun Nair,customer588@meghasmart.com,9800000588,"Terrace, Chennai",19.1389,73.1173,2024-03-20T18:30:00.000Z,Active,Basic,Full,0
589,A12-804,GVM202601939,Pooja Nair,customer589@meghasmart.com,9800000589,"Basement, Pune",19.1109,73.0073,2024-07-02T18:30:00.000Z,Active,Pro,Read-only,0
590,A12-805,GVM202601940,Rajesh Desai,customer590@meghasmart.com,9800000590,"Living Room, Kolkata",19.0303,73.0556,2024-08-16T18:30:00.000Z,Active,Premium,Limited,0
591,A12-901,GVM202601941,Priya Desai,customer591@meghasmart.com,9800000591,"Kitchen, Ahmedabad",19.0046,73.1792,2024-11-03T18:30:00.000Z,Active,Basic,Full,0
592,A12-902,GVM202601942,Arjun Desai,customer592@meghasmart.com,9800000592,"Bedroom, Mumbai",19.0414,73.0186,2024-08-23T18:30:00.000Z,Active,Pro,Read-only,0
593,A12-903,GVM202601943,Sneha Desai,customer593@meghasmart.com,9800000593,"Bathroom, Bangalore",19.1944,73.1889,2024-11-09T18:30:00.000Z,Active,Premium,Limited,0
594,A12-904,GVM202601944,Vikram Desai,customer594@meghasmart.com,9800000594,"Hall, Delhi",19.021,73.1609,2024-04-08T18:30:00.000Z,Inactive,Basic,Full,0
595,A12-905,GVM202601945,Anjali Desai,customer595@meghasmart.com,9800000595,"Balcony, Hyderabad",19.021,73.1561,2024-01-21T18:30:00.000Z,Active,Pro,Read-only,0
596,A12-1001,GVM202601946,Rohan Desai,customer596@meghasmart.com,9800000596,"Garage, Chennai",19.1298,73.1209,2024-04-14T18:30:00.000Z,Inactive,Premium,Limited,0
597,A12-1002,GVM202601947,Divya Desai,customer597@meghasmart.com,9800000597,"Office, Pune",19.0635,73.1991,2024-04-04T18:30:00.000Z,Active,Basic,Full,0
598,A12-1003,GVM202601948,Arun Desai,customer598@meghasmart.com,9800000598,"Terrace, Kolkata",19.1301,73.1213,2024-04-04T18:30:00.000Z,Active,Pro,Read-only,0
599,A12-1004,GVM202601949,Pooja Desai,customer599@meghasmart.com,9800000599,"Basement, Ahmedabad",19.1521,73.1529,2024-11-10T18:30:00.000Z,Active,Premium,Limited,0
600,A12-1005,GVM202601950,Rajesh Kumar,customer600@meghasmart.com,9800000600,"Living Room, Mumbai",19.0114,73.1965,2024-11-02T18:30:00.000Z,Active,Basic,Full,0
601,A13-101,GVM202601951,Priya Kumar,customer601@meghasmart.com,9800000601,"Kitchen, Bangalore",19.0366,73.1607,2024-08-25T18:30:00.000Z,Active,Pro,Read-only,0
602,A13-102,GVM202601952,Arjun Kumar,customer602@meghasmart.com,9800000602,"Bedroom, Delhi",19.0593,73.0644,2024-12-22T18:30:00.000Z,Active,Premium,Limited,0
603,A13-103,GVM202601953,Sneha Kumar,customer603@meghasmart.com,9800000603,"Bathroom, Hyderabad",19.1421,73.08,2024-05-26T18:30:00.000Z,Active,Basic,Full,0
604,A13-104,GVM202601954,Vikram Kumar,customer604@meghasmart.com,9800000604,"Hall, Chennai",19.1257,73.1769,2024-09-02T18:30:00.000Z,Active,Pro,Read-only,0
605,A13-105,GVM202601955,Anjali Kumar,customer605@meghasmart.com,9800000605,"Balcony, Pune",19.0655,73.1667,2024-01-14T18:30:00.000Z,Active,Premium,Limited,0
606,A13-201,GVM202601956,Rohan Kumar,customer606@meghasmart.com,9800000606,"Garage, Kolkata",19.0346,73.1889,2024-05-27T18:30:00.000Z,Active,Basic,Full,0
607,A13-202,GVM202601957,Divya Kumar,customer607@meghasmart.com,9800000607,"Office, Ahmedabad",19.1342,73.0856,2024-05-06T18:30:00.000Z,Active,Pro,Read-only,0
608,A13-203,GVM202601958,Arun Kumar,customer608@meghasmart.com,9800000608,"Terrace, Mumbai",19.1145,73.0842,2024-11-26T18:30:00.000Z,Active,Premium,Limited,0
609,A13-204,GVM202601959,Pooja Kumar,customer609@meghasmart.com,9800000609,"Basement, Bangalore",19.0884,73.1089,2024-03-31T18:30:00.000Z,Active,Basic,Full,0
610,A13-205,GVM202601960,Rajesh Singh,customer610@meghasmart.com,9800000610,"Living Room, Delhi",19.0633,73.0532,2024-07-21T18:30:00.000Z,Inactive,Pro,Read-only,0
611,A13-301,GVM202601961,Priya Singh,customer611@meghasmart.com,9800000611,"Kitchen, Hyderabad",19.1568,73.1286,2024-07-07T18:30:00.000Z,Active,Premium,Limited,0
612,A13-302,GVM202601962,Arjun Singh,customer612@meghasmart.com,9800000612,"Bedroom, Chennai",19.0109,73.1334,2024-12-09T18:30:00.000Z,Active,Basic,Full,0
613,A13-303,GVM202601963,Sneha Singh,customer613@meghasmart.com,9800000613,"Bathroom, Pune",19.1216,73.1426,2024-02-07T18:30:00.000Z,Active,Pro,Read-only,0
614,A13-304,GVM202601964,Vikram Singh,customer614@meghasmart.com,9800000614,"Hall, Kolkata",19.1982,73.067,2024-09-10T18:30:00.000Z,Inactive,Premium,Limited,0
615,A13-305,GVM202601965,Anjali Singh,customer615@meghasmart.com,9800000615,"Balcony, Ahmedabad",19.04,73.0915,2024-11-16T18:30:00.000Z,Active,Basic,Full,0
616,A13-401,GVM202601966,Rohan Singh,customer616@meghasmart.com,9800000616,"Garage, Mumbai",19.1465,73.1823,2024-03-25T18:30:00.000Z,Inactive,Pro,Read-only,0
617,A13-402,GVM202601967,Divya Singh,customer617@meghasmart.com,9800000617,"Office, Bangalore",19.0771,73.0974,2024-10-12T18:30:00.000Z,Active,Premium,Limited,0
618,A13-403,GVM202601968,Arun Singh,customer618@meghasmart.com,9800000618,"Terrace, Delhi",19.0006,73.179,2024-09-13T18:30:00.000Z,Active,Basic,Full,0
619,A13-404,GVM202601969,Pooja Singh,customer619@meghasmart.com,9800000619,"Basement, Hyderabad",19.14,73.1677,2024-09-24T18:30:00.000Z,Active,Pro,Read-only,0
620,A13-405,GVM202601970,Rajesh Patel,customer620@meghasmart.com,9800000620,"Living Room, Chennai",19.0514,73.0628,2024-01-10T18:30:00.000Z,Active,Premium,Limited,0
621,A13-501,GVM202601971,Priya Patel,customer621@meghasmart.com,9800000621,"Kitchen, Pune",19.0869,73.0172,2024-07-12T18:30:00.000Z,Active,Basic,Full,0
622,A13-502,GVM202601972,Arjun Patel,customer622@meghasmart.com,9800000622,"Bedroom, Kolkata",19.1336,73.036,2024-03-03T18:30:00.000Z,Active,Pro,Read-only,0
623,A13-503,GVM202601973,Sneha Patel,customer623@meghasmart.com,9800000623,"Bathroom, Ahmedabad",19.022,73.0718,2024-10-16T18:30:00.000Z,Active,Premium,Limited,0
624,A13-504,GVM202601974,Vikram Patel,customer624@meghasmart.com,9800000624,"Hall, Mumbai",19.1729,73.1687,2024-02-05T18:30:00.000Z,Inactive,Basic,Full,0
625,A13-505,GVM202601975,Anjali Patel,customer625@meghasmart.com,9800000625,"Balcony, Bangalore",19.0536,73.0397,2024-04-14T18:30:00.000Z,Active,Pro,Read-only,0
626,A13-601,GVM202601976,Rohan Patel,customer626@meghasmart.com,9800000626,"Garage, Delhi",19.0534,73.0973,2024-05-24T18:30:00.000Z,Active,Premium,Limited,0
627,A13-602,GVM202601977,Divya Patel,customer627@meghasmart.com,9800000627,"Office, Hyderabad",19.0214,73.1069,2024-01-04T18:30:00.000Z,Active,Basic,Full,0
628,A13-603,GVM202601978,Arun Patel,customer628@meghasmart.com,9800000628,"Terrace, Chennai",19.1887,73.0293,2024-07-20T18:30:00.000Z,Active,Pro,Read-only,0
629,A13-604,GVM202601979,Pooja Patel,customer629@meghasmart.com,9800000629,"Basement, Pune",19.1411,73.1564,2024-11-27T18:30:00.000Z,Active,Premium,Limited,0
630,A13-605,GVM202601980,Rajesh Sharma,customer630@meghasmart.com,9800000630,"Living Room, Kolkata",19.1974,73.0977,2024-10-17T18:30:00.000Z,Active,Basic,Full,0
631,A13-701,GVM202601981,Priya Sharma,customer631@meghasmart.com,9800000631,"Kitchen, Ahmedabad",19.1336,73.0169,2024-08-11T18:30:00.000Z,Active,Pro,Read-only,0
632,A13-702,GVM202601982,Arjun Sharma,customer632@meghasmart.com,9800000632,"Bedroom, Mumbai",19.1418,73.0544,2024-02-26T18:30:00.000Z,Active,Premium,Limited,0
633,A13-703,GVM202601983,Sneha Sharma,customer633@meghasmart.com,9800000633,"Bathroom, Bangalore",19.1104,73.1192,2024-08-27T18:30:00.000Z,Active,Basic,Full,0
634,A13-704,GVM202601984,Vikram Sharma,customer634@meghasmart.com,9800000634,"Hall, Delhi",19.0001,73.161,2024-06-08T18:30:00.000Z,Active,Pro,Read-only,0
635,A13-705,GVM202601985,Anjali Sharma,customer635@meghasmart.com,9800000635,"Balcony, Hyderabad",19.0247,73.1695,2024-01-09T18:30:00.000Z,Active,Premium,Limited,0
636,A13-801,GVM202601986,Rohan Sharma,customer636@meghasmart.com,9800000636,"Garage, Chennai",19.1451,73.0733,2024-08-02T18:30:00.000Z,Active,Basic,Full,0
637,A13-802,GVM202601987,Divya Sharma,customer637@meghasmart.com,9800000637,"Office, Pune",19.0133,73.0036,2024-12-02T18:30:00.000Z,Active,Pro,Read-only,0
638,A13-803,GVM202601988,Arun Sharma,customer638@meghasmart.com,9800000638,"Terrace, Kolkata",19.0404,73.0118,2024-11-19T18:30:00.000Z,Active,Premium,Limited,0
639,A13-804,GVM202601989,Pooja Sharma,customer639@meghasmart.com,9800000639,"Basement, Ahmedabad",19.1576,73.0628,2024-06-18T18:30:00.000Z,Active,Basic,Full,0
640,A13-805,GVM202601990,Rajesh Gupta,customer640@meghasmart.com,9800000640,"Living Room, Mumbai",19.0912,73.0141,2024-07-20T18:30:00.000Z,Active,Pro,Read-only,0
641,A13-901,GVM202601991,Priya Gupta,customer641@meghasmart.com,9800000641,"Kitchen, Bangalore",19.0298,73.0583,2024-07-05T18:30:00.000Z,Active,Premium,Limited,0
642,A13-902,GVM202601992,Arjun Gupta,customer642@meghasmart.com,9800000642,"Bedroom, Delhi",19.0716,73.0253,2024-07-15T18:30:00.000Z,Active,Basic,Full,0
643,A13-903,GVM202601993,Sneha Gupta,customer643@meghasmart.com,9800000643,"Bathroom, Hyderabad",19.0765,73.1674,2024-06-22T18:30:00.000Z,Active,Pro,Read-only,0
644,A13-904,GVM202601994,Vikram Gupta,customer644@meghasmart.com,9800000644,"Hall, Chennai",19.1457,73.1317,2024-05-25T18:30:00.000Z,Active,Premium,Limited,0
645,A13-905,GVM202601995,Anjali Gupta,customer645@meghasmart.com,9800000645,"Balcony, Pune",19.0614,73.05,2024-05-06T18:30:00.000Z,Active,Basic,Full,0
646,A13-1001,GVM202601996,Rohan Gupta,customer646@meghasmart.com,9800000646,"Garage, Kolkata",19.05,73.1944,2024-04-18T18:30:00.000Z,Active,Pro,Read-only,0
647,A13-1002,GVM202601997,Divya Gupta,customer647@meghasmart.com,9800000647,"Office, Ahmedabad",19.0737,73.1299,2024-03-02T18:30:00.000Z,Active,Premium,Limited,0
648,A13-1003,GVM202601998,Arun Gupta,customer648@meghasmart.com,9800000648,"Terrace, Mumbai",19.0287,73.1927,2024-11-12T18:30:00.000Z,Active,Basic,Full,0
649,A13-1004,GVM202601999,Pooja Gupta,customer649@meghasmart.com,9800000649,"Basement, Bangalore",19.165,73.058,2024-09-21T18:30:00.000Z,Active,Pro,Read-only,0
650,A13-1005,GVM202602000,Rajesh Khan,customer650@meghasmart.com,9800000650,"Living Room, Delhi",19.1724,73.1824,2024-12-18T18:30:00.000Z,Active,Premium,Limited,0
651,A14-101,GVM202602001,Priya Khan,customer651@meghasmart.com,9800000651,"Kitchen, Hyderabad",19.003,73.1042,2024-06-30T18:30:00.000Z,Active,Basic,Full,0
652,A14-102,GVM202602002,Arjun Khan,customer652@meghasmart.com,9800000652,"Bedroom, Chennai",19.0874,73.1266,2024-05-17T18:30:00.000Z,Active,Pro,Read-only,0
653,A14-103,GVM202602003,Sneha Khan,customer653@meghasmart.com,9800000653,"Bathroom, Pune",19.0681,73.1137,2024-09-07T18:30:00.000Z,Active,Premium,Limited,0
654,A14-104,GVM202602004,Vikram Khan,customer654@meghasmart.com,9800000654,"Hall, Kolkata",19.1221,73.1176,2024-01-14T18:30:00.000Z,Active,Basic,Full,0
655,A14-105,GVM202602005,Anjali Khan,customer655@meghasmart.com,9800000655,"Balcony, Ahmedabad",19.1453,73.0236,2024-12-07T18:30:00.000Z,Active,Pro,Read-only,0
656,A14-201,GVM202602006,Rohan Khan,customer656@meghasmart.com,9800000656,"Garage, Mumbai",19.0228,73.1714,2024-01-16T18:30:00.000Z,Active,Premium,Limited,0
657,A14-202,GVM202602007,Divya Khan,customer657@meghasmart.com,9800000657,"Office, Bangalore",19.0831,73.146,2024-07-01T18:30:00.000Z,Active,Basic,Full,0
658,A14-203,GVM202602008,Arun Khan,customer658@meghasmart.com,9800000658,"Terrace, Delhi",19.1649,73.0544,2024-03-25T18:30:00.000Z,Active,Pro,Read-only,0
659,A14-204,GVM202602009,Pooja Khan,customer659@meghasmart.com,9800000659,"Basement, Hyderabad",19.0962,73.1051,2024-10-14T18:30:00.000Z,Inactive,Premium,Limited,0
660,A14-205,GVM202602010,Rajesh Jain,customer660@meghasmart.com,9800000660,"Living Room, Chennai",19.1039,73.1353,2024-11-11T18:30:00.000Z,Active,Basic,Full,0
661,A14-301,GVM202602011,Priya Jain,customer661@meghasmart.com,9800000661,"Kitchen, Pune",19.0705,73.1413,2024-06-26T18:30:00.000Z,Active,Pro,Read-only,0
662,A14-302,GVM202602012,Arjun Jain,customer662@meghasmart.com,9800000662,"Bedroom, Kolkata",19.0782,73.0825,2024-08-03T18:30:00.000Z,Active,Premium,Limited,0
663,A14-303,GVM202602013,Sneha Jain,customer663@meghasmart.com,9800000663,"Bathroom, Ahmedabad",19.0013,73.0909,2024-04-17T18:30:00.000Z,Active,Basic,Full,0
664,A14-304,GVM202602014,Vikram Jain,customer664@meghasmart.com,9800000664,"Hall, Mumbai",19.1837,73.167,2024-04-14T18:30:00.000Z,Active,Pro,Read-only,0
665,A14-305,GVM202602015,Anjali Jain,customer665@meghasmart.com,9800000665,"Balcony, Bangalore",19.0651,73.0566,2024-05-19T18:30:00.000Z,Inactive,Premium,Limited,0
666,A14-401,GVM202602016,Rohan Jain,customer666@meghasmart.com,9800000666,"Garage, Delhi",19.1332,73.0383,2024-02-01T18:30:00.000Z,Inactive,Basic,Full,0
667,A14-402,GVM202602017,Divya Jain,customer667@meghasmart.com,9800000667,"Office, Hyderabad",19.006,73.1431,2024-04-11T18:30:00.000Z,Active,Pro,Read-only,0
668,A14-403,GVM202602018,Arun Jain,customer668@meghasmart.com,9800000668,"Terrace, Chennai",19.1976,73.0094,2024-10-04T18:30:00.000Z,Active,Premium,Limited,0
669,A14-404,GVM202602019,Pooja Jain,customer669@meghasmart.com,9800000669,"Basement, Pune",19.1529,73.1703,2024-06-30T18:30:00.000Z,Inactive,Basic,Full,0
670,A14-405,GVM202602020,Rajesh Verma,customer670@meghasmart.com,9800000670,"Living Room, Kolkata",19.0756,73.1396,2024-08-23T18:30:00.000Z,Active,Pro,Read-only,0
671,A14-501,GVM202602021,Priya Verma,customer671@meghasmart.com,9800000671,"Kitchen, Ahmedabad",19.0288,73.1489,2024-11-13T18:30:00.000Z,Active,Premium,Limited,0
672,A14-502,GVM202602022,Arjun Verma,customer672@meghasmart.com,9800000672,"Bedroom, Mumbai",19.1474,73.0748,2024-05-05T18:30:00.000Z,Active,Basic,Full,0
673,A14-503,GVM202602023,Sneha Verma,customer673@meghasmart.com,9800000673,"Bathroom, Bangalore",19.0819,73.0643,2024-12-21T18:30:00.000Z,Active,Pro,Read-only,0
674,A14-504,GVM202602024,Vikram Verma,customer674@meghasmart.com,9800000674,"Hall, Delhi",19.1924,73.1246,2024-02-17T18:30:00.000Z,Active,Premium,Limited,0
675,A14-505,GVM202602025,Anjali Verma,customer675@meghasmart.com,9800000675,"Balcony, Hyderabad",19.1547,73.0353,2024-09-13T18:30:00.000Z,Active,Basic,Full,0
676,A14-601,GVM202602026,Rohan Verma,customer676@meghasmart.com,9800000676,"Garage, Chennai",19.1837,73.0361,2024-03-03T18:30:00.000Z,Active,Pro,Read-only,0
677,A14-602,GVM202602027,Divya Verma,customer677@meghasmart.com,9800000677,"Office, Pune",19.035,73.1986,2024-03-14T18:30:00.000Z,Active,Premium,Limited,0
678,A14-603,GVM202602028,Arun Verma,customer678@meghasmart.com,9800000678,"Terrace, Kolkata",19.0037,73.154,2024-02-16T18:30:00.000Z,Active,Basic,Full,0
679,A14-604,GVM202602029,Pooja Verma,customer679@meghasmart.com,9800000679,"Basement, Ahmedabad",19.0565,73.1121,2024-03-21T18:30:00.000Z,Active,Pro,Read-only,0
680,A14-605,GVM202602030,Rajesh Nair,customer680@meghasmart.com,9800000680,"Living Room, Mumbai",19.1087,73.1656,2024-11-25T18:30:00.000Z,Inactive,Premium,Limited,0
681,A14-701,GVM202602031,Priya Nair,customer681@meghasmart.com,9800000681,"Kitchen, Bangalore",19.0079,73.0921,2024-10-07T18:30:00.000Z,Active,Basic,Full,0
682,A14-702,GVM202602032,Arjun Nair,customer682@meghasmart.com,9800000682,"Bedroom, Delhi",19.0971,73.0857,2024-08-04T18:30:00.000Z,Active,Pro,Read-only,0
683,A14-703,GVM202602033,Sneha Nair,customer683@meghasmart.com,9800000683,"Bathroom, Hyderabad",19.0241,73.0012,2024-06-17T18:30:00.000Z,Active,Premium,Limited,0
684,A14-704,GVM202602034,Vikram Nair,customer684@meghasmart.com,9800000684,"Hall, Chennai",19.1443,73.0954,2024-01-01T18:30:00.000Z,Active,Basic,Full,0
685,A14-705,GVM202602035,Anjali Nair,customer685@meghasmart.com,9800000685,"Balcony, Pune",19.0383,73.0746,2024-10-25T18:30:00.000Z,Active,Pro,Read-only,0
686,A14-801,GVM202602036,Rohan Nair,customer686@meghasmart.com,9800000686,"Garage, Kolkata",19.0161,73.1895,2024-07-01T18:30:00.000Z,Active,Premium,Limited,0
687,A14-802,GVM202602037,Divya Nair,customer687@meghasmart.com,9800000687,"Office, Ahmedabad",19.021,73.0521,2024-11-24T18:30:00.000Z,Inactive,Basic,Full,0
688,A14-803,GVM202602038,Arun Nair,customer688@meghasmart.com,9800000688,"Terrace, Mumbai",19.0478,73.0699,2024-09-09T18:30:00.000Z,Active,Pro,Read-only,0
689,A14-804,GVM202602039,Pooja Nair,customer689@meghasmart.com,9800000689,"Basement, Bangalore",19.0693,73.0532,2024-05-15T18:30:00.000Z,Active,Premium,Limited,0
690,A14-805,GVM202602040,Rajesh Desai,customer690@meghasmart.com,9800000690,"Living Room, Delhi",19.1168,73.019,2024-04-13T18:30:00.000Z,Active,Basic,Full,0
691,A14-901,GVM202602041,Priya Desai,customer691@meghasmart.com,9800000691,"Kitchen, Hyderabad",19.1745,73.0071,2024-03-24T18:30:00.000Z,Active,Pro,Read-only,0
692,A14-902,GVM202602042,Arjun Desai,customer692@meghasmart.com,9800000692,"Bedroom, Chennai",19.1366,73.1735,2024-12-09T18:30:00.000Z,Active,Premium,Limited,0
693,A14-903,GVM202602043,Sneha Desai,customer693@meghasmart.com,9800000693,"Bathroom, Pune",19.1985,73.1236,2024-06-26T18:30:00.000Z,Active,Basic,Full,0
694,A14-904,GVM202602044,Vikram Desai,customer694@meghasmart.com,9800000694,"Hall, Kolkata",19.0099,73.1255,2024-06-02T18:30:00.000Z,Active,Pro,Read-only,0
695,A14-905,GVM202602045,Anjali Desai,customer695@meghasmart.com,9800000695,"Balcony, Ahmedabad",19.127,73.049,2024-03-05T18:30:00.000Z,Inactive,Premium,Limited,0
696,A14-1001,GVM202602046,Rohan Desai,customer696@meghasmart.com,9800000696,"Garage, Mumbai",19.0505,73.0898,2024-01-04T18:30:00.000Z,Active,Basic,Full,0
697,A14-1002,GVM202602047,Divya Desai,customer697@meghasmart.com,9800000697,"Office, Bangalore",19.0841,73.1464,2024-07-20T18:30:00.000Z,Active,Pro,Read-only,0
698,A14-1003,GVM202602048,Arun Desai,customer698@meghasmart.com,9800000698,"Terrace, Delhi",19.0575,73.127,2024-08-31T18:30:00.000Z,Active,Premium,Limited,0
699,A14-1004,GVM202602049,Pooja Desai,customer699@meghasmart.com,9800000699,"Basement, Hyderabad",19.079,73.181,2024-05-09T18:30:00.000Z,Active,Basic,Full,0
700,A14-1005,GVM202602050,Rajesh Kumar,customer700@meghasmart.com,9800000700,"Living Room, Chennai",19.0521,73.0652,2024-05-12T18:30:00.000Z,Active,Pro,Read-only,0
701,A15-101,GVM202602051,Priya Kumar,customer701@meghasmart.com,9800000701,"Kitchen, Pune",19.1571,73.1522,2024-09-26T18:30:00.000Z,Active,Premium,Limited,0
702,A15-102,GVM202602052,Arjun Kumar,customer702@meghasmart.com,9800000702,"Bedroom, Kolkata",19.1992,73.0325,2024-08-10T18:30:00.000Z,Active,Basic,Full,0
703,A15-103,GVM202602053,Sneha Kumar,customer703@meghasmart.com,9800000703,"Bathroom, Ahmedabad",19.0101,73.1211,2024-02-15T18:30:00.000Z,Active,Pro,Read-only,0
704,A15-104,GVM202602054,Vikram Kumar,customer704@meghasmart.com,9800000704,"Hall, Mumbai",19.0202,73.0712,2024-10-27T18:30:00.000Z,Active,Premium,Limited,0
705,A15-105,GVM202602055,Anjali Kumar,customer705@meghasmart.com,9800000705,"Balcony, Bangalore",19.0758,73.1798,2024-08-01T18:30:00.000Z,Active,Basic,Full,0
706,A15-201,GVM202602056,Rohan Kumar,customer706@meghasmart.com,9800000706,"Garage, Delhi",19.1649,73.1782,2024-04-24T18:30:00.000Z,Active,Pro,Read-only,0
707,A15-202,GVM202602057,Divya Kumar,customer707@meghasmart.com,9800000707,"Office, Hyderabad",19.0625,73.1851,2024-07-02T18:30:00.000Z,Active,Premium,Limited,0
708,A15-203,GVM202602058,Arun Kumar,customer708@meghasmart.com,9800000708,"Terrace, Chennai",19.1271,73.0798,2024-04-03T18:30:00.000Z,Active,Basic,Full,0
709,A15-204,GVM202602059,Pooja Kumar,customer709@meghasmart.com,9800000709,"Basement, Pune",19.1833,73.0535,2024-03-26T18:30:00.000Z,Active,Pro,Read-only,0
710,A15-205,GVM202602060,Rajesh Singh,customer710@meghasmart.com,9800000710,"Living Room, Kolkata",19.0946,73,2024-04-08T18:30:00.000Z,Inactive,Premium,Limited,0
711,A15-301,GVM202602061,Priya Singh,customer711@meghasmart.com,9800000711,"Kitchen, Ahmedabad",19.055,73.1713,2024-12-26T18:30:00.000Z,Active,Basic,Full,0
712,A15-302,GVM202602062,Arjun Singh,customer712@meghasmart.com,9800000712,"Bedroom, Mumbai",19.1823,73.0682,2024-04-10T18:30:00.000Z,Active,Pro,Read-only,0
713,A15-303,GVM202602063,Sneha Singh,customer713@meghasmart.com,9800000713,"Bathroom, Bangalore",19.1329,73.006,2024-02-11T18:30:00.000Z,Active,Premium,Limited,0
714,A15-304,GVM202602064,Vikram Singh,customer714@meghasmart.com,9800000714,"Hall, Delhi",19.0059,73.0846,2024-01-01T18:30:00.000Z,Active,Basic,Full,0
715,A15-305,GVM202602065,Anjali Singh,customer715@meghasmart.com,9800000715,"Balcony, Hyderabad",19.127,73.1043,2023-12-31T18:30:00.000Z,Active,Pro,Read-only,0
716,A15-401,GVM202602066,Rohan Singh,customer716@meghasmart.com,9800000716,"Garage, Chennai",19.147,73.0444,2024-04-09T18:30:00.000Z,Active,Premium,Limited,0
717,A15-402,GVM202602067,Divya Singh,customer717@meghasmart.com,9800000717,"Office, Pune",19.1162,73.192,2024-02-26T18:30:00.000Z,Active,Basic,Full,0
718,A15-403,GVM202602068,Arun Singh,customer718@meghasmart.com,9800000718,"Terrace, Kolkata",19.0711,73.04,2024-04-06T18:30:00.000Z,Active,Pro,Read-only,0
719,A15-404,GVM202602069,Pooja Singh,customer719@meghasmart.com,9800000719,"Basement, Ahmedabad",19.0708,73.1417,2024-11-19T18:30:00.000Z,Active,Premium,Limited,0
720,A15-405,GVM202602070,Rajesh Patel,customer720@meghasmart.com,9800000720,"Living Room, Mumbai",19.1653,73.1085,2024-11-11T18:30:00.000Z,Active,Basic,Full,0
721,A15-501,GVM202602071,Priya Patel,customer721@meghasmart.com,9800000721,"Kitchen, Bangalore",19.1727,73.1018,2024-07-16T18:30:00.000Z,Active,Pro,Read-only,0
722,A15-502,GVM202602072,Arjun Patel,customer722@meghasmart.com,9800000722,"Bedroom, Delhi",19.0733,73.0979,2024-12-09T18:30:00.000Z,Active,Premium,Limited,0
723,A15-503,GVM202602073,Sneha Patel,customer723@meghasmart.com,9800000723,"Bathroom, Hyderabad",19.1119,73.0069,2024-03-26T18:30:00.000Z,Active,Basic,Full,0
724,A15-504,GVM202602074,Vikram Patel,customer724@meghasmart.com,9800000724,"Hall, Chennai",19.0252,73.1156,2024-03-05T18:30:00.000Z,Active,Pro,Read-only,0
725,A15-505,GVM202602075,Anjali Patel,customer725@meghasmart.com,9800000725,"Balcony, Pune",19.1127,73.0705,2024-02-06T18:30:00.000Z,Active,Premium,Limited,0
726,A15-601,GVM202602076,Rohan Patel,customer726@meghasmart.com,9800000726,"Garage, Kolkata",19.1069,73.0311,2024-09-30T18:30:00.000Z,Active,Basic,Full,0
727,A15-602,GVM202602077,Divya Patel,customer727@meghasmart.com,9800000727,"Office, Ahmedabad",19.0401,73.187,2024-09-21T18:30:00.000Z,Active,Pro,Read-only,0
728,A15-603,GVM202602078,Arun Patel,customer728@meghasmart.com,9800000728,"Terrace, Mumbai",19.1199,73.0918,2024-10-27T18:30:00.000Z,Active,Premium,Limited,0
729,A15-604,GVM202602079,Pooja Patel,customer729@meghasmart.com,9800000729,"Basement, Bangalore",19.1658,73.1489,2024-07-04T18:30:00.000Z,Active,Basic,Full,0
730,A15-605,GVM202602080,Rajesh Sharma,customer730@meghasmart.com,9800000730,"Living Room, Delhi",19.1857,73.1138,2024-04-26T18:30:00.000Z,Active,Pro,Read-only,0
731,A15-701,GVM202602081,Priya Sharma,customer731@meghasmart.com,9800000731,"Kitchen, Hyderabad",19.1381,73.1689,2024-12-11T18:30:00.000Z,Inactive,Premium,Limited,0
732,A15-702,GVM202602082,Arjun Sharma,customer732@meghasmart.com,9800000732,"Bedroom, Chennai",19.0137,73.1985,2024-02-09T18:30:00.000Z,Active,Basic,Full,0
733,A15-703,GVM202602083,Sneha Sharma,customer733@meghasmart.com,9800000733,"Bathroom, Pune",19.127,73.0232,2024-03-15T18:30:00.000Z,Active,Pro,Read-only,0
734,A15-704,GVM202602084,Vikram Sharma,customer734@meghasmart.com,9800000734,"Hall, Kolkata",19.1432,73.0129,2024-10-26T18:30:00.000Z,Active,Premium,Limited,0
735,A15-705,GVM202602085,Anjali Sharma,customer735@meghasmart.com,9800000735,"Balcony, Ahmedabad",19.0238,73.0397,2024-09-25T18:30:00.000Z,Active,Basic,Full,0
736,A15-801,GVM202602086,Rohan Sharma,customer736@meghasmart.com,9800000736,"Garage, Mumbai",19.0362,73.0644,2024-12-14T18:30:00.000Z,Active,Pro,Read-only,0
737,A15-802,GVM202602087,Divya Sharma,customer737@meghasmart.com,9800000737,"Office, Bangalore",19.0052,73.0917,2024-05-16T18:30:00.000Z,Active,Premium,Limited,0
738,A15-803,GVM202602088,Arun Sharma,customer738@meghasmart.com,9800000738,"Terrace, Delhi",19.1181,73.055,2024-03-25T18:30:00.000Z,Active,Basic,Full,0
739,A15-804,GVM202602089,Pooja Sharma,customer739@meghasmart.com,9800000739,"Basement, Hyderabad",19.1021,73.13,2024-08-24T18:30:00.000Z,Active,Pro,Read-only,0
740,A15-805,GVM202602090,Rajesh Gupta,customer740@meghasmart.com,9800000740,"Living Room, Chennai",19.1944,73.1327,2024-05-07T18:30:00.000Z,Active,Premium,Limited,0
741,A15-901,GVM202602091,Priya Gupta,customer741@meghasmart.com,9800000741,"Kitchen, Pune",19.091,73.0408,2024-09-09T18:30:00.000Z,Active,Basic,Full,0
742,A15-902,GVM202602092,Arjun Gupta,customer742@meghasmart.com,9800000742,"Bedroom, Kolkata",19.1005,73.0125,2024-03-21T18:30:00.000Z,Inactive,Pro,Read-only,0
743,A15-903,GVM202602093,Sneha Gupta,customer743@meghasmart.com,9800000743,"Bathroom, Ahmedabad",19.0859,73.1456,2024-02-15T18:30:00.000Z,Inactive,Premium,Limited,0
744,A15-904,GVM202602094,Vikram Gupta,customer744@meghasmart.com,9800000744,"Hall, Mumbai",19.1831,73.1244,2024-08-12T18:30:00.000Z,Active,Basic,Full,0
745,A15-905,GVM202602095,Anjali Gupta,customer745@meghasmart.com,9800000745,"Balcony, Bangalore",19.0003,73.1053,2024-08-23T18:30:00.000Z,Active,Pro,Read-only,0
746,A15-1001,GVM202602096,Rohan Gupta,customer746@meghasmart.com,9800000746,"Garage, Delhi",19.0684,73.1212,2024-12-07T18:30:00.000Z,Active,Premium,Limited,0
747,A15-1002,GVM202602097,Divya Gupta,customer747@meghasmart.com,9800000747,"Office, Hyderabad",19.0494,73.1645,2024-06-22T18:30:00.000Z,Active,Basic,Full,0
748,A15-1003,GVM202602098,Arun Gupta,customer748@meghasmart.com,9800000748,"Terrace, Chennai",19.1957,73.1711,2024-06-20T18:30:00.000Z,Active,Pro,Read-only,0
749,A15-1004,GVM202602099,Pooja Gupta,customer749@meghasmart.com,9800000749,"Basement, Pune",19.132,73.0086,2024-01-24T18:30:00.000Z,Active,Premium,Limited,0
750,A15-1005,GVM202602100,Rajesh Khan,customer750@meghasmart.com,9800000750,"Living Room, Kolkata",19.1892,73.0652,2024-07-19T18:30:00.000Z,Active,Basic,Full,0
751,A16-101,GVM202602101,Priya Khan,customer751@meghasmart.com,9800000751,"Kitchen, Ahmedabad",19.0205,73.1208,2024-08-25T18:30:00.000Z,Active,Pro,Read-only,0
752,A16-102,GVM202602102,Arjun Khan,customer752@meghasmart.com,9800000752,"Bedroom, Mumbai",19.0649,73.0448,2024-06-09T18:30:00.000Z,Active,Premium,Limited,0
753,A16-103,GVM202602103,Sneha Khan,customer753@meghasmart.com,9800000753,"Bathroom, Bangalore",19.1134,73.0177,2024-09-12T18:30:00.000Z,Active,Basic,Full,0
754,A16-104,GVM202602104,Vikram Khan,customer754@meghasmart.com,9800000754,"Hall, Delhi",19.0502,73.0899,2024-04-02T18:30:00.000Z,Active,Pro,Read-only,0
755,A16-105,GVM202602105,Anjali Khan,customer755@meghasmart.com,9800000755,"Balcony, Hyderabad",19.0851,73.1744,2024-01-07T18:30:00.000Z,Active,Premium,Limited,0
756,A16-201,GVM202602106,Rohan Khan,customer756@meghasmart.com,9800000756,"Garage, Chennai",19.1314,73.1023,2024-02-15T18:30:00.000Z,Active,Basic,Full,0
757,A16-202,GVM202602107,Divya Khan,customer757@meghasmart.com,9800000757,"Office, Pune",19.0254,73.1211,2024-01-07T18:30:00.000Z,Inactive,Pro,Read-only,0
758,A16-203,GVM202602108,Arun Khan,customer758@meghasmart.com,9800000758,"Terrace, Kolkata",19.1035,73.0581,2024-01-01T18:30:00.000Z,Active,Premium,Limited,0
759,A16-204,GVM202602109,Pooja Khan,customer759@meghasmart.com,9800000759,"Basement, Ahmedabad",19.1178,73.1782,2024-03-08T18:30:00.000Z,Active,Basic,Full,0
760,A16-205,GVM202602110,Rajesh Jain,customer760@meghasmart.com,9800000760,"Living Room, Mumbai",19.0792,73.0408,2024-11-10T18:30:00.000Z,Active,Pro,Read-only,0
761,A16-301,GVM202602111,Priya Jain,customer761@meghasmart.com,9800000761,"Kitchen, Bangalore",19.1176,73.1695,2024-09-06T18:30:00.000Z,Inactive,Premium,Limited,0
762,A16-302,GVM202602112,Arjun Jain,customer762@meghasmart.com,9800000762,"Bedroom, Delhi",19.1904,73.1125,2024-05-15T18:30:00.000Z,Active,Basic,Full,0
763,A16-303,GVM202602113,Sneha Jain,customer763@meghasmart.com,9800000763,"Bathroom, Hyderabad",19.1353,73.0724,2024-02-17T18:30:00.000Z,Inactive,Pro,Read-only,0
764,A16-304,GVM202602114,Vikram Jain,customer764@meghasmart.com,9800000764,"Hall, Chennai",19.1629,73.0566,2024-09-25T18:30:00.000Z,Active,Premium,Limited,0
765,A16-305,GVM202602115,Anjali Jain,customer765@meghasmart.com,9800000765,"Balcony, Pune",19.0048,73.1162,2024-03-04T18:30:00.000Z,Active,Basic,Full,0
766,A16-401,GVM202602116,Rohan Jain,customer766@meghasmart.com,9800000766,"Garage, Kolkata",19.1589,73.1223,2024-08-11T18:30:00.000Z,Active,Pro,Read-only,0
767,A16-402,GVM202602117,Divya Jain,customer767@meghasmart.com,9800000767,"Office, Ahmedabad",19.0104,73.0171,2024-09-06T18:30:00.000Z,Active,Premium,Limited,0
768,A16-403,GVM202602118,Arun Jain,customer768@meghasmart.com,9800000768,"Terrace, Mumbai",19.0714,73.1394,2024-07-10T18:30:00.000Z,Active,Basic,Full,0
769,A16-404,GVM202602119,Pooja Jain,customer769@meghasmart.com,9800000769,"Basement, Bangalore",19.0942,73.1599,2024-10-25T18:30:00.000Z,Active,Pro,Read-only,0
770,A16-405,GVM202602120,Rajesh Verma,customer770@meghasmart.com,9800000770,"Living Room, Delhi",19.0056,73.0112,2024-01-14T18:30:00.000Z,Active,Premium,Limited,0
771,A16-501,GVM202602121,Priya Verma,customer771@meghasmart.com,9800000771,"Kitchen, Hyderabad",19.1601,73.0273,2024-02-21T18:30:00.000Z,Inactive,Basic,Full,0
772,A16-502,GVM202602122,Arjun Verma,customer772@meghasmart.com,9800000772,"Bedroom, Chennai",19.1068,73.0378,2024-02-25T18:30:00.000Z,Active,Pro,Read-only,0
773,A16-503,GVM202602123,Sneha Verma,customer773@meghasmart.com,9800000773,"Bathroom, Pune",19.0323,73.1022,2024-11-24T18:30:00.000Z,Active,Premium,Limited,0
774,A16-504,GVM202602124,Vikram Verma,customer774@meghasmart.com,9800000774,"Hall, Kolkata",19.0317,73.1477,2024-10-17T18:30:00.000Z,Inactive,Basic,Full,0
775,A16-505,GVM202602125,Anjali Verma,customer775@meghasmart.com,9800000775,"Balcony, Ahmedabad",19.099,73.1557,2024-08-25T18:30:00.000Z,Inactive,Pro,Read-only,0
776,A16-601,GVM202602126,Rohan Verma,customer776@meghasmart.com,9800000776,"Garage, Mumbai",19.0289,73.1725,2024-12-03T18:30:00.000Z,Active,Premium,Limited,0
777,A16-602,GVM202602127,Divya Verma,customer777@meghasmart.com,9800000777,"Office, Bangalore",19.1894,73.0808,2024-11-08T18:30:00.000Z,Active,Basic,Full,0
778,A16-603,GVM202602128,Arun Verma,customer778@meghasmart.com,9800000778,"Terrace, Delhi",19.0518,73.0221,2024-05-22T18:30:00.000Z,Active,Pro,Read-only,0
779,A16-604,GVM202602129,Pooja Verma,customer779@meghasmart.com,9800000779,"Basement, Hyderabad",19.0488,73.0856,2024-09-14T18:30:00.000Z,Active,Premium,Limited,0
780,A16-605,GVM202602130,Rajesh Nair,customer780@meghasmart.com,9800000780,"Living Room, Chennai",19.0562,73.0982,2024-06-20T18:30:00.000Z,Active,Basic,Full,0
781,A16-701,GVM202602131,Priya Nair,customer781@meghasmart.com,9800000781,"Kitchen, Pune",19.0355,73.0657,2024-11-24T18:30:00.000Z,Active,Pro,Read-only,0
782,A16-702,GVM202602132,Arjun Nair,customer782@meghasmart.com,9800000782,"Bedroom, Kolkata",19.1097,73.1286,2024-09-18T18:30:00.000Z,Active,Premium,Limited,0
783,A16-703,GVM202602133,Sneha Nair,customer783@meghasmart.com,9800000783,"Bathroom, Ahmedabad",19.1385,73.1443,2024-06-04T18:30:00.000Z,Active,Basic,Full,0
784,A16-704,GVM202602134,Vikram Nair,customer784@meghasmart.com,9800000784,"Hall, Mumbai",19.0293,73.178,2024-11-25T18:30:00.000Z,Active,Pro,Read-only,0
785,A16-705,GVM202602135,Anjali Nair,customer785@meghasmart.com,9800000785,"Balcony, Bangalore",19.0069,73.1135,2024-04-13T18:30:00.000Z,Active,Premium,Limited,0
786,A16-801,GVM202602136,Rohan Nair,customer786@meghasmart.com,9800000786,"Garage, Delhi",19.0433,73.0402,2024-11-13T18:30:00.000Z,Active,Basic,Full,0
787,A16-802,GVM202602137,Divya Nair,customer787@meghasmart.com,9800000787,"Office, Hyderabad",19.0285,73.113,2024-08-22T18:30:00.000Z,Active,Pro,Read-only,0
788,A16-803,GVM202602138,Arun Nair,customer788@meghasmart.com,9800000788,"Terrace, Chennai",19.1122,73.1026,2024-04-14T18:30:00.000Z,Active,Premium,Limited,0
789,A16-804,GVM202602139,Pooja Nair,customer789@meghasmart.com,9800000789,"Basement, Pune",19.0857,73.0223,2024-02-16T18:30:00.000Z,Active,Basic,Full,0
790,A16-805,GVM202602140,Rajesh Desai,customer790@meghasmart.com,9800000790,"Living Room, Kolkata",19.0291,73.0552,2024-11-05T18:30:00.000Z,Active,Pro,Read-only,0
791,A16-901,GVM202602141,Priya Desai,customer791@meghasmart.com,9800000791,"Kitchen, Ahmedabad",19.0919,73.1076,2024-04-06T18:30:00.000Z,Active,Premium,Limited,0
792,A16-902,GVM202602142,Arjun Desai,customer792@meghasmart.com,9800000792,"Bedroom, Mumbai",19.0314,73.0732,2024-10-04T18:30:00.000Z,Active,Basic,Full,0
793,A16-903,GVM202602143,Sneha Desai,customer793@meghasmart.com,9800000793,"Bathroom, Bangalore",19.188,73.1789,2024-09-02T18:30:00.000Z,Inactive,Pro,Read-only,0
794,A16-904,GVM202602144,Vikram Desai,customer794@meghasmart.com,9800000794,"Hall, Delhi",19.179,73.0139,2024-08-26T18:30:00.000Z,Active,Premium,Limited,0
795,A16-905,GVM202602145,Anjali Desai,customer795@meghasmart.com,9800000795,"Balcony, Hyderabad",19.1123,73.0219,2024-12-02T18:30:00.000Z,Active,Basic,Full,0
796,A16-1001,GVM202602146,Rohan Desai,customer796@meghasmart.com,9800000796,"Garage, Chennai",19.1803,73.1833,2024-09-25T18:30:00.000Z,Active,Pro,Read-only,0
797,A16-1002,GVM202602147,Divya Desai,customer797@meghasmart.com,9800000797,"Office, Pune",19.1953,73.1141,2024-04-11T18:30:00.000Z,Active,Premium,Limited,0
798,A16-1003,GVM202602148,Arun Desai,customer798@meghasmart.com,9800000798,"Terrace, Kolkata",19.0725,73.0564,2024-02-20T18:30:00.000Z,Active,Basic,Full,0
799,A16-1004,GVM202602149,Pooja Desai,customer799@meghasmart.com,9800000799,"Basement, Ahmedabad",19.0818,73.0396,2024-05-21T18:30:00.000Z,Active,Pro,Read-only,0
800,A16-1005,GVM202602150,Rajesh Kumar,customer800@meghasmart.com,9800000800,"Living Room, Mumbai",19.0494,73.1266,2024-11-18T18:30:00.000Z,Active,Premium,Limited,0
801,A17-101,GVM202602151,Priya Kumar,customer801@meghasmart.com,9800000801,"Kitchen, Bangalore",19.0973,73.0022,2024-12-01T18:30:00.000Z,Active,Basic,Full,0
802,A17-102,GVM202602152,Arjun Kumar,customer802@meghasmart.com,9800000802,"Bedroom, Delhi",19.1248,73.1408,2024-02-02T18:30:00.000Z,Active,Pro,Read-only,0
803,A17-103,GVM202602153,Sneha Kumar,customer803@meghasmart.com,9800000803,"Bathroom, Hyderabad",19.0004,73.1889,2024-05-25T18:30:00.000Z,Active,Premium,Limited,0
804,A17-104,GVM202602154,Vikram Kumar,customer804@meghasmart.com,9800000804,"Hall, Chennai",19.1935,73.1774,2024-11-16T18:30:00.000Z,Active,Basic,Full,0
805,A17-105,GVM202602155,Anjali Kumar,customer805@meghasmart.com,9800000805,"Balcony, Pune",19.1425,73.0537,2024-12-12T18:30:00.000Z,Active,Pro,Read-only,0
806,A17-201,GVM202602156,Rohan Kumar,customer806@meghasmart.com,9800000806,"Garage, Kolkata",19.061,73.1439,2024-01-12T18:30:00.000Z,Active,Premium,Limited,0
807,A17-202,GVM202602157,Divya Kumar,customer807@meghasmart.com,9800000807,"Office, Ahmedabad",19.0872,73.1315,2024-11-27T18:30:00.000Z,Active,Basic,Full,0
808,A17-203,GVM202602158,Arun Kumar,customer808@meghasmart.com,9800000808,"Terrace, Mumbai",19.036,73.1994,2024-02-25T18:30:00.000Z,Inactive,Pro,Read-only,0
809,A17-204,GVM202602159,Pooja Kumar,customer809@meghasmart.com,9800000809,"Basement, Bangalore",19.0793,73.1405,2024-02-11T18:30:00.000Z,Active,Premium,Limited,0
810,A17-205,GVM202602160,Rajesh Singh,customer810@meghasmart.com,9800000810,"Living Room, Delhi",19.1638,73.0236,2024-04-05T18:30:00.000Z,Active,Basic,Full,0
811,A17-301,GVM202602161,Priya Singh,customer811@meghasmart.com,9800000811,"Kitchen, Hyderabad",19.095,73.0958,2024-09-20T18:30:00.000Z,Active,Pro,Read-only,0
812,A17-302,GVM202602162,Arjun Singh,customer812@meghasmart.com,9800000812,"Bedroom, Chennai",19.1982,73.1032,2024-12-11T18:30:00.000Z,Active,Premium,Limited,0
813,A17-303,GVM202602163,Sneha Singh,customer813@meghasmart.com,9800000813,"Bathroom, Pune",19.195,73.1621,2024-06-22T18:30:00.000Z,Active,Basic,Full,0
814,A17-304,GVM202602164,Vikram Singh,customer814@meghasmart.com,9800000814,"Hall, Kolkata",19.1216,73.0979,2024-05-04T18:30:00.000Z,Active,Pro,Read-only,0
815,A17-305,GVM202602165,Anjali Singh,customer815@meghasmart.com,9800000815,"Balcony, Ahmedabad",19.0169,73.1996,2024-05-20T18:30:00.000Z,Active,Premium,Limited,0
816,A17-401,GVM202602166,Rohan Singh,customer816@meghasmart.com,9800000816,"Garage, Mumbai",19.0576,73.0925,2024-08-04T18:30:00.000Z,Active,Basic,Full,0
817,A17-402,GVM202602167,Divya Singh,customer817@meghasmart.com,9800000817,"Office, Bangalore",19.1372,73.1962,2024-03-01T18:30:00.000Z,Active,Pro,Read-only,0
818,A17-403,GVM202602168,Arun Singh,customer818@meghasmart.com,9800000818,"Terrace, Delhi",19.1664,73.0999,2024-03-01T18:30:00.000Z,Active,Premium,Limited,0
819,A17-404,GVM202602169,Pooja Singh,customer819@meghasmart.com,9800000819,"Basement, Hyderabad",19.1371,73.1252,2024-03-11T18:30:00.000Z,Active,Basic,Full,0
820,A17-405,GVM202602170,Rajesh Patel,customer820@meghasmart.com,9800000820,"Living Room, Chennai",19.1042,73.1593,2024-05-25T18:30:00.000Z,Active,Pro,Read-only,0
821,A17-501,GVM202602171,Priya Patel,customer821@meghasmart.com,9800000821,"Kitchen, Pune",19.1326,73.0077,2024-02-16T18:30:00.000Z,Active,Premium,Limited,0
822,A17-502,GVM202602172,Arjun Patel,customer822@meghasmart.com,9800000822,"Bedroom, Kolkata",19.0812,73.072,2024-12-19T18:30:00.000Z,Active,Basic,Full,0
823,A17-503,GVM202602173,Sneha Patel,customer823@meghasmart.com,9800000823,"Bathroom, Ahmedabad",19.0853,73.1076,2024-03-23T18:30:00.000Z,Active,Pro,Read-only,0
824,A17-504,GVM202602174,Vikram Patel,customer824@meghasmart.com,9800000824,"Hall, Mumbai",19.1999,73.0867,2024-03-27T18:30:00.000Z,Inactive,Premium,Limited,0
825,A17-505,GVM202602175,Anjali Patel,customer825@meghasmart.com,9800000825,"Balcony, Bangalore",19.0305,73.1985,2024-12-06T18:30:00.000Z,Active,Basic,Full,0
826,A17-601,GVM202602176,Rohan Patel,customer826@meghasmart.com,9800000826,"Garage, Delhi",19.1712,73.0111,2024-10-20T18:30:00.000Z,Active,Pro,Read-only,0
827,A17-602,GVM202602177,Divya Patel,customer827@meghasmart.com,9800000827,"Office, Hyderabad",19.084,73.1502,2024-06-02T18:30:00.000Z,Active,Premium,Limited,0
828,A17-603,GVM202602178,Arun Patel,customer828@meghasmart.com,9800000828,"Terrace, Chennai",19.1753,73.1485,2024-10-09T18:30:00.000Z,Active,Basic,Full,0
829,A17-604,GVM202602179,Pooja Patel,customer829@meghasmart.com,9800000829,"Basement, Pune",19.1556,73.187,2024-09-04T18:30:00.000Z,Active,Pro,Read-only,0
830,A17-605,GVM202602180,Rajesh Sharma,customer830@meghasmart.com,9800000830,"Living Room, Kolkata",19.1076,73.1958,2024-02-16T18:30:00.000Z,Active,Premium,Limited,0
831,A17-701,GVM202602181,Priya Sharma,customer831@meghasmart.com,9800000831,"Kitchen, Ahmedabad",19.1475,73.0121,2024-10-05T18:30:00.000Z,Inactive,Basic,Full,0
832,A17-702,GVM202602182,Arjun Sharma,customer832@meghasmart.com,9800000832,"Bedroom, Mumbai",19.0738,73.0499,2024-04-15T18:30:00.000Z,Active,Pro,Read-only,0
833,A17-703,GVM202602183,Sneha Sharma,customer833@meghasmart.com,9800000833,"Bathroom, Bangalore",19.1796,73.075,2024-11-19T18:30:00.000Z,Active,Premium,Limited,0
834,A17-704,GVM202602184,Vikram Sharma,customer834@meghasmart.com,9800000834,"Hall, Delhi",19.0433,73.0927,2024-01-07T18:30:00.000Z,Active,Basic,Full,0
835,A17-705,GVM202602185,Anjali Sharma,customer835@meghasmart.com,9800000835,"Balcony, Hyderabad",19.1637,73.1045,2024-04-19T18:30:00.000Z,Active,Pro,Read-only,0
836,A17-801,GVM202602186,Rohan Sharma,customer836@meghasmart.com,9800000836,"Garage, Chennai",19.0278,73.0176,2024-03-11T18:30:00.000Z,Active,Premium,Limited,0
837,A17-802,GVM202602187,Divya Sharma,customer837@meghasmart.com,9800000837,"Office, Pune",19.1384,73.1071,2024-11-02T18:30:00.000Z,Active,Basic,Full,0
838,A17-803,GVM202602188,Arun Sharma,customer838@meghasmart.com,9800000838,"Terrace, Kolkata",19.0382,73.1847,2024-01-05T18:30:00.000Z,Active,Pro,Read-only,0
839,A17-804,GVM202602189,Pooja Sharma,customer839@meghasmart.com,9800000839,"Basement, Ahmedabad",19.1245,73.1299,2024-05-19T18:30:00.000Z,Active,Premium,Limited,0
840,A17-805,GVM202602190,Rajesh Gupta,customer840@meghasmart.com,9800000840,"Living Room, Mumbai",19.1842,73.1823,2024-01-17T18:30:00.000Z,Active,Basic,Full,0
841,A17-901,GVM202602191,Priya Gupta,customer841@meghasmart.com,9800000841,"Kitchen, Bangalore",19.0673,73.1653,2024-10-03T18:30:00.000Z,Active,Pro,Read-only,0
842,A17-902,GVM202602192,Arjun Gupta,customer842@meghasmart.com,9800000842,"Bedroom, Delhi",19.1782,73.133,2024-03-02T18:30:00.000Z,Active,Premium,Limited,0
843,A17-903,GVM202602193,Sneha Gupta,customer843@meghasmart.com,9800000843,"Bathroom, Hyderabad",19.0247,73.0256,2024-05-09T18:30:00.000Z,Active,Basic,Full,0
844,A17-904,GVM202602194,Vikram Gupta,customer844@meghasmart.com,9800000844,"Hall, Chennai",19.1244,73.1939,2024-12-24T18:30:00.000Z,Active,Pro,Read-only,0
845,A17-905,GVM202602195,Anjali Gupta,customer845@meghasmart.com,9800000845,"Balcony, Pune",19.0035,73.0886,2024-03-08T18:30:00.000Z,Active,Premium,Limited,0
846,A17-1001,GVM202602196,Rohan Gupta,customer846@meghasmart.com,9800000846,"Garage, Kolkata",19.0811,73.0487,2024-05-05T18:30:00.000Z,Active,Basic,Full,0
847,A17-1002,GVM202602197,Divya Gupta,customer847@meghasmart.com,9800000847,"Office, Ahmedabad",19.0151,73.1348,2024-02-23T18:30:00.000Z,Active,Pro,Read-only,0
848,A17-1003,GVM202602198,Arun Gupta,customer848@meghasmart.com,9800000848,"Terrace, Mumbai",19.0826,73.1856,2024-08-19T18:30:00.000Z,Inactive,Premium,Limited,0
849,A17-1004,GVM202602199,Pooja Gupta,customer849@meghasmart.com,9800000849,"Basement, Bangalore",19.0763,73.0014,2024-02-03T18:30:00.000Z,Active,Basic,Full,0
850,A17-1005,GVM202602200,Rajesh Khan,customer850@meghasmart.com,9800000850,"Living Room, Delhi",19.0592,73.0622,2024-02-27T18:30:00.000Z,Active,Pro,Read-only,0
851,A18-101,GVM202602201,Priya Khan,customer851@meghasmart.com,9800000851,"Kitchen, Hyderabad",19.1709,73.1687,2024-03-21T18:30:00.000Z,Active,Premium,Limited,0
852,A18-102,GVM202602202,Arjun Khan,customer852@meghasmart.com,9800000852,"Bedroom, Chennai",19.0201,73.1632,2024-12-13T18:30:00.000Z,Inactive,Basic,Full,0
853,A18-103,GVM202602203,Sneha Khan,customer853@meghasmart.com,9800000853,"Bathroom, Pune",19.0112,73.1319,2024-08-11T18:30:00.000Z,Active,Pro,Read-only,0
854,A18-104,GVM202602204,Vikram Khan,customer854@meghasmart.com,9800000854,"Hall, Kolkata",19.0465,73.0218,2024-08-05T18:30:00.000Z,Active,Premium,Limited,0
855,A18-105,GVM202602205,Anjali Khan,customer855@meghasmart.com,9800000855,"Balcony, Ahmedabad",19.1156,73.156,2024-09-17T18:30:00.000Z,Active,Basic,Full,0
856,A18-201,GVM202602206,Rohan Khan,customer856@meghasmart.com,9800000856,"Garage, Mumbai",19.1629,73.0865,2024-08-07T18:30:00.000Z,Active,Pro,Read-only,0
857,A18-202,GVM202602207,Divya Khan,customer857@meghasmart.com,9800000857,"Office, Bangalore",19.1832,73.1196,2024-03-31T18:30:00.000Z,Active,Premium,Limited,0
858,A18-203,GVM202602208,Arun Khan,customer858@meghasmart.com,9800000858,"Terrace, Delhi",19.0028,73.0434,2024-10-16T18:30:00.000Z,Active,Basic,Full,0
859,A18-204,GVM202602209,Pooja Khan,customer859@meghasmart.com,9800000859,"Basement, Hyderabad",19.1744,73.1575,2024-06-12T18:30:00.000Z,Active,Pro,Read-only,0
860,A18-205,GVM202602210,Rajesh Jain,customer860@meghasmart.com,9800000860,"Living Room, Chennai",19.1166,73.1472,2024-03-03T18:30:00.000Z,Active,Premium,Limited,0
861,A18-301,GVM202602211,Priya Jain,customer861@meghasmart.com,9800000861,"Kitchen, Pune",19.0027,73.1795,2024-12-07T18:30:00.000Z,Active,Basic,Full,0
862,A18-302,GVM202602212,Arjun Jain,customer862@meghasmart.com,9800000862,"Bedroom, Kolkata",19.114,73.0552,2024-06-13T18:30:00.000Z,Active,Pro,Read-only,0
863,A18-303,GVM202602213,Sneha Jain,customer863@meghasmart.com,9800000863,"Bathroom, Ahmedabad",19.0086,73.0582,2024-09-21T18:30:00.000Z,Active,Premium,Limited,0
864,A18-304,GVM202602214,Vikram Jain,customer864@meghasmart.com,9800000864,"Hall, Mumbai",19.0662,73.1302,2024-06-23T18:30:00.000Z,Active,Basic,Full,0
865,A18-305,GVM202602215,Anjali Jain,customer865@meghasmart.com,9800000865,"Balcony, Bangalore",19.1672,73.0375,2024-05-17T18:30:00.000Z,Active,Pro,Read-only,0
866,A18-401,GVM202602216,Rohan Jain,customer866@meghasmart.com,9800000866,"Garage, Delhi",19.1787,73.1693,2024-10-03T18:30:00.000Z,Active,Premium,Limited,0
867,A18-402,GVM202602217,Divya Jain,customer867@meghasmart.com,9800000867,"Office, Hyderabad",19.1993,73.0716,2024-12-06T18:30:00.000Z,Active,Basic,Full,0
868,A18-403,GVM202602218,Arun Jain,customer868@meghasmart.com,9800000868,"Terrace, Chennai",19.0947,73.1219,2024-12-21T18:30:00.000Z,Inactive,Pro,Read-only,0
869,A18-404,GVM202602219,Pooja Jain,customer869@meghasmart.com,9800000869,"Basement, Pune",19.0784,73.1519,2024-11-27T18:30:00.000Z,Active,Premium,Limited,0
870,A18-405,GVM202602220,Rajesh Verma,customer870@meghasmart.com,9800000870,"Living Room, Kolkata",19.154,73.1143,2024-02-13T18:30:00.000Z,Active,Basic,Full,0
871,A18-501,GVM202602221,Priya Verma,customer871@meghasmart.com,9800000871,"Kitchen, Ahmedabad",19.1376,73.1643,2024-11-18T18:30:00.000Z,Active,Pro,Read-only,0
872,A18-502,GVM202602222,Arjun Verma,customer872@meghasmart.com,9800000872,"Bedroom, Mumbai",19.0394,73.0016,2024-02-07T18:30:00.000Z,Active,Premium,Limited,0
873,A18-503,GVM202602223,Sneha Verma,customer873@meghasmart.com,9800000873,"Bathroom, Bangalore",19.0245,73.0965,2024-03-04T18:30:00.000Z,Active,Basic,Full,0
874,A18-504,GVM202602224,Vikram Verma,customer874@meghasmart.com,9800000874,"Hall, Delhi",19.0981,73.0802,2024-06-15T18:30:00.000Z,Active,Pro,Read-only,0
875,A18-505,GVM202602225,Anjali Verma,customer875@meghasmart.com,9800000875,"Balcony, Hyderabad",19.1278,73.0115,2024-10-11T18:30:00.000Z,Active,Premium,Limited,0
876,A18-601,GVM202602226,Rohan Verma,customer876@meghasmart.com,9800000876,"Garage, Chennai",19.1968,73.0904,2024-10-03T18:30:00.000Z,Active,Basic,Full,0
877,A18-602,GVM202602227,Divya Verma,customer877@meghasmart.com,9800000877,"Office, Pune",19.034,73.0199,2024-02-09T18:30:00.000Z,Active,Pro,Read-only,0
878,A18-603,GVM202602228,Arun Verma,customer878@meghasmart.com,9800000878,"Terrace, Kolkata",19.0917,73.0804,2024-04-08T18:30:00.000Z,Active,Premium,Limited,0
879,A18-604,GVM202602229,Pooja Verma,customer879@meghasmart.com,9800000879,"Basement, Ahmedabad",19.0323,73.0599,2024-01-16T18:30:00.000Z,Active,Basic,Full,0
880,A18-605,GVM202602230,Rajesh Nair,customer880@meghasmart.com,9800000880,"Living Room, Mumbai",19.01,73.1789,2024-05-08T18:30:00.000Z,Active,Pro,Read-only,0
881,A18-701,GVM202602231,Priya Nair,customer881@meghasmart.com,9800000881,"Kitchen, Bangalore",19.046,73.1882,2024-01-31T18:30:00.000Z,Active,Premium,Limited,0
882,A18-702,GVM202602232,Arjun Nair,customer882@meghasmart.com,9800000882,"Bedroom, Delhi",19.1486,73.002,2024-07-16T18:30:00.000Z,Active,Basic,Full,0
883,A18-703,GVM202602233,Sneha Nair,customer883@meghasmart.com,9800000883,"Bathroom, Hyderabad",19.1896,73.0446,2024-02-06T18:30:00.000Z,Active,Pro,Read-only,0
884,A18-704,GVM202602234,Vikram Nair,customer884@meghasmart.com,9800000884,"Hall, Chennai",19.1366,73.0924,2024-10-02T18:30:00.000Z,Active,Premium,Limited,0
885,A18-705,GVM202602235,Anjali Nair,customer885@meghasmart.com,9800000885,"Balcony, Pune",19.16,73.0646,2024-05-09T18:30:00.000Z,Active,Basic,Full,0
886,A18-801,GVM202602236,Rohan Nair,customer886@meghasmart.com,9800000886,"Garage, Kolkata",19.0903,73.0067,2024-02-02T18:30:00.000Z,Inactive,Pro,Read-only,0
887,A18-802,GVM202602237,Divya Nair,customer887@meghasmart.com,9800000887,"Office, Ahmedabad",19.1854,73.1215,2024-06-11T18:30:00.000Z,Active,Premium,Limited,0
888,A18-803,GVM202602238,Arun Nair,customer888@meghasmart.com,9800000888,"Terrace, Mumbai",19.1256,73.1766,2024-04-10T18:30:00.000Z,Active,Basic,Full,0
889,A18-804,GVM202602239,Pooja Nair,customer889@meghasmart.com,9800000889,"Basement, Bangalore",19.0084,73.0295,2024-05-19T18:30:00.000Z,Active,Pro,Read-only,0
890,A18-805,GVM202602240,Rajesh Desai,customer890@meghasmart.com,9800000890,"Living Room, Delhi",19.1723,73.0642,2024-02-07T18:30:00.000Z,Active,Premium,Limited,0
891,A18-901,GVM202602241,Priya Desai,customer891@meghasmart.com,9800000891,"Kitchen, Hyderabad",19.0409,73.1123,2024-01-08T18:30:00.000Z,Active,Basic,Full,0
892,A18-902,GVM202602242,Arjun Desai,customer892@meghasmart.com,9800000892,"Bedroom, Chennai",19.0555,73.1856,2024-12-18T18:30:00.000Z,Active,Pro,Read-only,0
893,A18-903,GVM202602243,Sneha Desai,customer893@meghasmart.com,9800000893,"Bathroom, Pune",19.0259,73.1401,2023-12-31T18:30:00.000Z,Active,Premium,Limited,0
894,A18-904,GVM202602244,Vikram Desai,customer894@meghasmart.com,9800000894,"Hall, Kolkata",19.0677,73.0696,2023-12-31T18:30:00.000Z,Active,Basic,Full,0
895,A18-905,GVM202602245,Anjali Desai,customer895@meghasmart.com,9800000895,"Balcony, Ahmedabad",19.009,73.0669,2024-06-11T18:30:00.000Z,Inactive,Pro,Read-only,0
896,A18-1001,GVM202602246,Rohan Desai,customer896@meghasmart.com,9800000896,"Garage, Mumbai",19.1329,73.0585,2024-05-10T18:30:00.000Z,Active,Premium,Limited,0
897,A18-1002,GVM202602247,Divya Desai,customer897@meghasmart.com,9800000897,"Office, Bangalore",19.0287,73.1045,2024-11-11T18:30:00.000Z,Active,Basic,Full,0
898,A18-1003,GVM202602248,Arun Desai,customer898@meghasmart.com,9800000898,"Terrace, Delhi",19.0407,73.1078,2024-01-12T18:30:00.000Z,Active,Pro,Read-only,0
899,A18-1004,GVM202602249,Pooja Desai,customer899@meghasmart.com,9800000899,"Basement, Hyderabad",19.11,73.0471,2024-03-08T18:30:00.000Z,Active,Premium,Limited,0
900,A18-1005,GVM202602250,Rajesh Kumar,customer900@meghasmart.com,9800000900,"Living Room, Chennai",19.1159,73.0621,2024-05-15T18:30:00.000Z,Active,Basic,Full,0
901,A19-101,GVM202602251,Priya Kumar,customer901@meghasmart.com,9800000901,"Kitchen, Pune",19.0774,73.0309,2024-02-18T18:30:00.000Z,Inactive,Pro,Read-only,0
902,A19-102,GVM202602252,Arjun Kumar,customer902@meghasmart.com,9800000902,"Bedroom, Kolkata",19.0632,73.0474,2024-02-09T18:30:00.000Z,Active,Premium,Limited,0
903,A19-103,GVM202602253,Sneha Kumar,customer903@meghasmart.com,9800000903,"Bathroom, Ahmedabad",19.0642,73.0894,2024-04-05T18:30:00.000Z,Active,Basic,Full,0
904,A19-104,GVM202602254,Vikram Kumar,customer904@meghasmart.com,9800000904,"Hall, Mumbai",19.0537,73.1057,2024-12-25T18:30:00.000Z,Active,Pro,Read-only,0
905,A19-105,GVM202602255,Anjali Kumar,customer905@meghasmart.com,9800000905,"Balcony, Bangalore",19.1318,73.0853,2024-03-11T18:30:00.000Z,Active,Premium,Limited,0
906,A19-201,GVM202602256,Rohan Kumar,customer906@meghasmart.com,9800000906,"Garage, Delhi",19.1425,73.1785,2024-05-15T18:30:00.000Z,Active,Basic,Full,0
907,A19-202,GVM202602257,Divya Kumar,customer907@meghasmart.com,9800000907,"Office, Hyderabad",19.0407,73.0652,2024-09-22T18:30:00.000Z,Active,Pro,Read-only,0
908,A19-203,GVM202602258,Arun Kumar,customer908@meghasmart.com,9800000908,"Terrace, Chennai",19.0097,73.0193,2024-09-08T18:30:00.000Z,Active,Premium,Limited,0
909,A19-204,GVM202602259,Pooja Kumar,customer909@meghasmart.com,9800000909,"Basement, Pune",19.0597,73.1288,2024-07-27T18:30:00.000Z,Active,Basic,Full,0
910,A19-205,GVM202602260,Rajesh Singh,customer910@meghasmart.com,9800000910,"Living Room, Kolkata",19.096,73.1549,2024-11-17T18:30:00.000Z,Active,Pro,Read-only,0
911,A19-301,GVM202602261,Priya Singh,customer911@meghasmart.com,9800000911,"Kitchen, Ahmedabad",19.1356,73.0036,2024-11-19T18:30:00.000Z,Active,Premium,Limited,0
912,A19-302,GVM202602262,Arjun Singh,customer912@meghasmart.com,9800000912,"Bedroom, Mumbai",19.1012,73.059,2024-05-16T18:30:00.000Z,Inactive,Basic,Full,0
913,A19-303,GVM202602263,Sneha Singh,customer913@meghasmart.com,9800000913,"Bathroom, Bangalore",19.0928,73.171,2024-10-16T18:30:00.000Z,Active,Pro,Read-only,0
914,A19-304,GVM202602264,Vikram Singh,customer914@meghasmart.com,9800000914,"Hall, Delhi",19.1984,73.0822,2024-08-13T18:30:00.000Z,Active,Premium,Limited,0
915,A19-305,GVM202602265,Anjali Singh,customer915@meghasmart.com,9800000915,"Balcony, Hyderabad",19.1921,73.0216,2024-08-25T18:30:00.000Z,Active,Basic,Full,0
916,A19-401,GVM202602266,Rohan Singh,customer916@meghasmart.com,9800000916,"Garage, Chennai",19.1856,73.0689,2024-02-05T18:30:00.000Z,Active,Pro,Read-only,0
917,A19-402,GVM202602267,Divya Singh,customer917@meghasmart.com,9800000917,"Office, Pune",19.1304,73.0659,2024-12-01T18:30:00.000Z,Active,Premium,Limited,0
918,A19-403,GVM202602268,Arun Singh,customer918@meghasmart.com,9800000918,"Terrace, Kolkata",19.1768,73.0027,2024-10-10T18:30:00.000Z,Inactive,Basic,Full,0
919,A19-404,GVM202602269,Pooja Singh,customer919@meghasmart.com,9800000919,"Basement, Ahmedabad",19.0127,73.0875,2024-11-01T18:30:00.000Z,Active,Pro,Read-only,0
920,A19-405,GVM202602270,Rajesh Patel,customer920@meghasmart.com,9800000920,"Living Room, Mumbai",19.078,73.1096,2024-06-04T18:30:00.000Z,Active,Premium,Limited,0
921,A19-501,GVM202602271,Priya Patel,customer921@meghasmart.com,9800000921,"Kitchen, Bangalore",19.1442,73.0633,2024-02-12T18:30:00.000Z,Active,Basic,Full,0
922,A19-502,GVM202602272,Arjun Patel,customer922@meghasmart.com,9800000922,"Bedroom, Delhi",19.0685,73.0405,2024-11-30T18:30:00.000Z,Active,Pro,Read-only,0
923,A19-503,GVM202602273,Sneha Patel,customer923@meghasmart.com,9800000923,"Bathroom, Hyderabad",19.0711,73.1538,2024-04-27T18:30:00.000Z,Active,Premium,Limited,0
924,A19-504,GVM202602274,Vikram Patel,customer924@meghasmart.com,9800000924,"Hall, Chennai",19.0783,73.1546,2024-07-20T18:30:00.000Z,Active,Basic,Full,0
925,A19-505,GVM202602275,Anjali Patel,customer925@meghasmart.com,9800000925,"Balcony, Pune",19.1813,73.048,2024-07-07T18:30:00.000Z,Active,Pro,Read-only,0
926,A19-601,GVM202602276,Rohan Patel,customer926@meghasmart.com,9800000926,"Garage, Kolkata",19.192,73.1432,2024-03-07T18:30:00.000Z,Active,Premium,Limited,0
927,A19-602,GVM202602277,Divya Patel,customer927@meghasmart.com,9800000927,"Office, Ahmedabad",19.0257,73.051,2024-08-06T18:30:00.000Z,Active,Basic,Full,0
928,A19-603,GVM202602278,Arun Patel,customer928@meghasmart.com,9800000928,"Terrace, Mumbai",19.1443,73.1668,2024-03-21T18:30:00.000Z,Active,Pro,Read-only,0
929,A19-604,GVM202602279,Pooja Patel,customer929@meghasmart.com,9800000929,"Basement, Bangalore",19.0989,73.009,2024-02-03T18:30:00.000Z,Active,Premium,Limited,0
930,A19-605,GVM202602280,Rajesh Sharma,customer930@meghasmart.com,9800000930,"Living Room, Delhi",19.1487,73.1672,2024-09-27T18:30:00.000Z,Inactive,Basic,Full,0
931,A19-701,GVM202602281,Priya Sharma,customer931@meghasmart.com,9800000931,"Kitchen, Hyderabad",19.0869,73.0494,2024-06-06T18:30:00.000Z,Active,Pro,Read-only,0
932,A19-702,GVM202602282,Arjun Sharma,customer932@meghasmart.com,9800000932,"Bedroom, Chennai",19.0221,73.0852,2024-09-09T18:30:00.000Z,Active,Premium,Limited,0
933,A19-703,GVM202602283,Sneha Sharma,customer933@meghasmart.com,9800000933,"Bathroom, Pune",19.0951,73.1078,2024-05-11T18:30:00.000Z,Active,Basic,Full,0
934,A19-704,GVM202602284,Vikram Sharma,customer934@meghasmart.com,9800000934,"Hall, Kolkata",19.1253,73.1131,2024-05-01T18:30:00.000Z,Active,Pro,Read-only,0
935,A19-705,GVM202602285,Anjali Sharma,customer935@meghasmart.com,9800000935,"Balcony, Ahmedabad",19.065,73.0089,2024-06-15T18:30:00.000Z,Active,Premium,Limited,0
936,A19-801,GVM202602286,Rohan Sharma,customer936@meghasmart.com,9800000936,"Garage, Mumbai",19.1503,73.189,2024-07-15T18:30:00.000Z,Active,Basic,Full,0
937,A19-802,GVM202602287,Divya Sharma,customer937@meghasmart.com,9800000937,"Office, Bangalore",19.1016,73.0079,2024-01-01T18:30:00.000Z,Inactive,Pro,Read-only,0
938,A19-803,GVM202602288,Arun Sharma,customer938@meghasmart.com,9800000938,"Terrace, Delhi",19.0136,73.1109,2024-01-03T18:30:00.000Z,Inactive,Premium,Limited,0
939,A19-804,GVM202602289,Pooja Sharma,customer939@meghasmart.com,9800000939,"Basement, Hyderabad",19.0579,73.1179,2024-07-15T18:30:00.000Z,Active,Basic,Full,0
940,A19-805,GVM202602290,Rajesh Gupta,customer940@meghasmart.com,9800000940,"Living Room, Chennai",19.068,73.1524,2024-04-05T18:30:00.000Z,Active,Pro,Read-only,0
941,A19-901,GVM202602291,Priya Gupta,customer941@meghasmart.com,9800000941,"Kitchen, Pune",19.14,73.1916,2024-02-09T18:30:00.000Z,Active,Premium,Limited,0
942,A19-902,GVM202602292,Arjun Gupta,customer942@meghasmart.com,9800000942,"Bedroom, Kolkata",19.0216,73.0473,2024-12-12T18:30:00.000Z,Active,Basic,Full,0
943,A19-903,GVM202602293,Sneha Gupta,customer943@meghasmart.com,9800000943,"Bathroom, Ahmedabad",19.1113,73.1762,2024-01-08T18:30:00.000Z,Active,Pro,Read-only,0
944,A19-904,GVM202602294,Vikram Gupta,customer944@meghasmart.com,9800000944,"Hall, Mumbai",19.0124,73.0645,2024-07-12T18:30:00.000Z,Active,Premium,Limited,0
945,A19-905,GVM202602295,Anjali Gupta,customer945@meghasmart.com,9800000945,"Balcony, Bangalore",19.1165,73.1932,2024-11-12T18:30:00.000Z,Active,Basic,Full,0
946,A19-1001,GVM202602296,Rohan Gupta,customer946@meghasmart.com,9800000946,"Garage, Delhi",19.1862,73.0483,2024-09-22T18:30:00.000Z,Active,Pro,Read-only,0
947,A19-1002,GVM202602297,Divya Gupta,customer947@meghasmart.com,9800000947,"Office, Hyderabad",19.1748,73.1334,2024-11-20T18:30:00.000Z,Active,Premium,Limited,0
948,A19-1003,GVM202602298,Arun Gupta,customer948@meghasmart.com,9800000948,"Terrace, Chennai",19.0404,73.0753,2024-11-17T18:30:00.000Z,Active,Basic,Full,0
949,A19-1004,GVM202602299,Pooja Gupta,customer949@meghasmart.com,9800000949,"Basement, Pune",19.0831,73.1261,2024-09-06T18:30:00.000Z,Active,Pro,Read-only,0
950,A19-1005,GVM202602300,Rajesh Khan,customer950@meghasmart.com,9800000950,"Living Room, Kolkata",19.1431,73.0284,2024-12-19T18:30:00.000Z,Active,Premium,Limited,0
951,A20-101,GVM202602301,Priya Khan,customer951@meghasmart.com,9800000951,"Kitchen, Ahmedabad",19.0874,73.1998,2024-01-23T18:30:00.000Z,Active,Basic,Full,0
952,A20-102,GVM202602302,Arjun Khan,customer952@meghasmart.com,9800000952,"Bedroom, Mumbai",19.0401,73.0042,2024-04-10T18:30:00.000Z,Active,Pro,Read-only,0
953,A20-103,GVM202602303,Sneha Khan,customer953@meghasmart.com,9800000953,"Bathroom, Bangalore",19.0413,73.0583,2024-08-23T18:30:00.000Z,Active,Premium,Limited,0
954,A20-104,GVM202602304,Vikram Khan,customer954@meghasmart.com,9800000954,"Hall, Delhi",19.1683,73.1128,2024-11-20T18:30:00.000Z,Active,Basic,Full,0
955,A20-105,GVM202602305,Anjali Khan,customer955@meghasmart.com,9800000955,"Balcony, Hyderabad",19.1928,73.1633,2024-11-17T18:30:00.000Z,Active,Pro,Read-only,0
956,A20-201,GVM202602306,Rohan Khan,customer956@meghasmart.com,9800000956,"Garage, Chennai",19.1588,73.0259,2024-08-10T18:30:00.000Z,Inactive,Premium,Limited,0
957,A20-202,GVM202602307,Divya Khan,customer957@meghasmart.com,9800000957,"Office, Pune",19.1108,73.0112,2024-11-15T18:30:00.000Z,Active,Basic,Full,0
958,A20-203,GVM202602308,Arun Khan,customer958@meghasmart.com,9800000958,"Terrace, Kolkata",19.1217,73.0504,2024-07-13T18:30:00.000Z,Active,Pro,Read-only,0
959,A20-204,GVM202602309,Pooja Khan,customer959@meghasmart.com,9800000959,"Basement, Ahmedabad",19.0837,73.0718,2024-04-11T18:30:00.000Z,Active,Premium,Limited,0
960,A20-205,GVM202602310,Rajesh Jain,customer960@meghasmart.com,9800000960,"Living Room, Mumbai",19.0789,73.1361,2024-11-25T18:30:00.000Z,Active,Basic,Full,0
961,A20-301,GVM202602311,Priya Jain,customer961@meghasmart.com,9800000961,"Kitchen, Bangalore",19.1657,73.1272,2024-06-12T18:30:00.000Z,Inactive,Pro,Read-only,0
962,A20-302,GVM202602312,Arjun Jain,customer962@meghasmart.com,9800000962,"Bedroom, Delhi",19.1708,73.0552,2024-08-23T18:30:00.000Z,Active,Premium,Limited,0
963,A20-303,GVM202602313,Sneha Jain,customer963@meghasmart.com,9800000963,"Bathroom, Hyderabad",19.0805,73.1824,2024-01-06T18:30:00.000Z,Active,Basic,Full,0
964,A20-304,GVM202602314,Vikram Jain,customer964@meghasmart.com,9800000964,"Hall, Chennai",19.0072,73.1985,2024-06-30T18:30:00.000Z,Active,Pro,Read-only,0
965,A20-305,GVM202602315,Anjali Jain,customer965@meghasmart.com,9800000965,"Balcony, Pune",19.1692,73.1483,2024-03-31T18:30:00.000Z,Active,Premium,Limited,0
966,A20-401,GVM202602316,Rohan Jain,customer966@meghasmart.com,9800000966,"Garage, Kolkata",19.0126,73.1669,2024-12-20T18:30:00.000Z,Active,Basic,Full,0
967,A20-402,GVM202602317,Divya Jain,customer967@meghasmart.com,9800000967,"Office, Ahmedabad",19.0556,73.143,2024-02-16T18:30:00.000Z,Active,Pro,Read-only,0
968,A20-403,GVM202602318,Arun Jain,customer968@meghasmart.com,9800000968,"Terrace, Mumbai",19.0822,73.1782,2024-02-19T18:30:00.000Z,Active,Premium,Limited,0
969,A20-404,GVM202602319,Pooja Jain,customer969@meghasmart.com,9800000969,"Basement, Bangalore",19.1344,73.1446,2024-07-05T18:30:00.000Z,Active,Basic,Full,0
970,A20-405,GVM202602320,Rajesh Verma,customer970@meghasmart.com,9800000970,"Living Room, Delhi",19.1935,73.1203,2024-03-14T18:30:00.000Z,Active,Pro,Read-only,0
971,A20-501,GVM202602321,Priya Verma,customer971@meghasmart.com,9800000971,"Kitchen, Hyderabad",19.1784,73.0522,2024-01-08T18:30:00.000Z,Active,Premium,Limited,0
972,A20-502,GVM202602322,Arjun Verma,customer972@meghasmart.com,9800000972,"Bedroom, Chennai",19.0434,73.0713,2024-10-19T18:30:00.000Z,Active,Basic,Full,0
973,A20-503,GVM202602323,Sneha Verma,customer973@meghasmart.com,9800000973,"Bathroom, Pune",19.0024,73.1697,2024-03-12T18:30:00.000Z,Active,Pro,Read-only,0
974,A20-504,GVM202602324,Vikram Verma,customer974@meghasmart.com,9800000974,"Hall, Kolkata",19.1339,73.0388,2024-07-04T18:30:00.000Z,Active,Premium,Limited,0
975,A20-505,GVM202602325,Anjali Verma,customer975@meghasmart.com,9800000975,"Balcony, Ahmedabad",19.119,73.1723,2024-09-25T18:30:00.000Z,Active,Basic,Full,0
976,A20-601,GVM202602326,Rohan Verma,customer976@meghasmart.com,9800000976,"Garage, Mumbai",19.1257,73.0561,2024-07-11T18:30:00.000Z,Active,Pro,Read-only,0
977,A20-602,GVM202602327,Divya Verma,customer977@meghasmart.com,9800000977,"Office, Bangalore",19.1351,73.0911,2024-07-26T18:30:00.000Z,Active,Premium,Limited,0
978,A20-603,GVM202602328,Arun Verma,customer978@meghasmart.com,9800000978,"Terrace, Delhi",19.0236,73.0195,2024-03-08T18:30:00.000Z,Active,Basic,Full,0
979,A20-604,GVM202602329,Pooja Verma,customer979@meghasmart.com,9800000979,"Basement, Hyderabad",19.1471,73.141,2024-01-04T18:30:00.000Z,Active,Pro,Read-only,0
980,A20-605,GVM202602330,Rajesh Nair,customer980@meghasmart.com,9800000980,"Living Room, Chennai",19.0004,73.0308,2024-12-13T18:30:00.000Z,Active,Premium,Limited,0
981,A20-701,GVM202602331,Priya Nair,customer981@meghasmart.com,9800000981,"Kitchen, Pune",19.1968,73.0178,2024-06-27T18:30:00.000Z,Active,Basic,Full,0
982,A20-702,GVM202602332,Arjun Nair,customer982@meghasmart.com,9800000982,"Bedroom, Kolkata",19.1781,73.0292,2024-05-27T18:30:00.000Z,Active,Pro,Read-only,0
983,A20-703,GVM202602333,Sneha Nair,customer983@meghasmart.com,9800000983,"Bathroom, Ahmedabad",19.0639,73.1887,2024-03-08T18:30:00.000Z,Active,Premium,Limited,0
984,A20-704,GVM202602334,Vikram Nair,customer984@meghasmart.com,9800000984,"Hall, Mumbai",19.0104,73.1849,2024-10-21T18:30:00.000Z,Inactive,Basic,Full,0
985,A20-705,GVM202602335,Anjali Nair,customer985@meghasmart.com,9800000985,"Balcony, Bangalore",19.0252,73.0109,2024-06-14T18:30:00.000Z,Active,Pro,Read-only,0
986,A20-801,GVM202602336,Rohan Nair,customer986@meghasmart.com,9800000986,"Garage, Delhi",19.1395,73.0697,2024-10-09T18:30:00.000Z,Active,Premium,Limited,0
987,A20-802,GVM202602337,Divya Nair,customer987@meghasmart.com,9800000987,"Office, Hyderabad",19.173,73.023,2024-03-21T18:30:00.000Z,Active,Basic,Full,0
988,A20-803,GVM202602338,Arun Nair,customer988@meghasmart.com,9800000988,"Terrace, Chennai",19.1312,73.1832,2024-04-11T18:30:00.000Z,Active,Pro,Read-only,0
989,A20-804,GVM202602339,Pooja Nair,customer989@meghasmart.com,9800000989,"Basement, Pune",19.0263,73.0219,2024-03-31T18:30:00.000Z,Active,Premium,Limited,0
990,A20-805,GVM202602340,Rajesh Desai,customer990@meghasmart.com,9800000990,"Living Room, Kolkata",19.1203,73.1621,2024-01-19T18:30:00.000Z,Active,Basic,Full,0
991,A20-901,GVM202602341,Priya Desai,customer991@meghasmart.com,9800000991,"Kitchen, Ahmedabad",19.1629,73.0005,2024-07-05T18:30:00.000Z,Active,Pro,Read-only,0
992,A20-902,GVM202602342,Arjun Desai,customer992@meghasmart.com,9800000992,"Bedroom, Mumbai",19.1118,73.1344,2024-07-07T18:30:00.000Z,Active,Premium,Limited,0
993,A20-903,GVM202602343,Sneha Desai,customer993@meghasmart.com,9800000993,"Bathroom, Bangalore",19.0735,73.0917,2024-04-05T18:30:00.000Z,Active,Basic,Full,0
994,A20-904,GVM202602344,Vikram Desai,customer994@meghasmart.com,9800000994,"Hall, Delhi",19.1362,73.1593,2024-10-19T18:30:00.000Z,Active,Pro,Read-only,0
995,A20-905,GVM202602345,Anjali Desai,customer995@meghasmart.com,9800000995,"Balcony, Hyderabad",19.0272,73.1802,2024-06-21T18:30:00.000Z,Active,Premium,Limited,0
996,A20-1001,GVM202602346,Rohan Desai,customer996@meghasmart.com,9800000996,"Garage, Chennai",19.0943,73.1921,2024-05-12T18:30:00.000Z,Active,Basic,Full,0
997,A20-1002,GVM202602347,Divya Desai,customer997@meghasmart.com,9800000997,"Office, Pune",19.193,73.1762,2024-06-23T18:30:00.000Z,Active,Pro,Read-only,0
998,A20-1003,GVM202602348,Arun Desai,customer998@meghasmart.com,9800000998,"Terrace, Kolkata",19.1375,73.0921,2024-01-07T18:30:00.000Z,Active,Premium,Limited,0
999,A20-1004,GVM202602349,Pooja Desai,customer999@meghasmart.com,9800000999,"Basement, Ahmedabad",19.1446,73.1684,2024-03-24T18:30:00.000Z,Active,Basic,Full,0
1000,A20-1005,GVM202602350,Rajesh Kumar,customer1000@meghasmart.com,9800001000,"Living Room, Mumbai",19.0816,73.1522,2024-01-20T18:30:00.000Z,Active,Pro,Read-only,0